engine_rank,player_name,team,positions,projected_points,adp,adp_rank,derived_rank,value_vs_adp,vorp,cliff_label,cliff_raw_drop,metrics_scope,live_context_note
1,Shohei Ohtani,LAD,DH/SP,914.0898240090339,1.4,1,1,0.0,,,,global_board,excluded_in_global_mode
2,Aaron Judge,NYY,OF/DH,594.7276163423419,2.3,2,2,0.0,,,,global_board,excluded_in_global_mode
3,Bobby Witt Jr.,KC,SS,584.9419497153243,7.1,7,3,4.0,,,,global_board,excluded_in_global_mode
4,Juan Soto,NYM,OF,583.2448751190119,4.7,3,4,-1.0,,,,global_board,excluded_in_global_mode
5,Ronald Acuña Jr.,ATL,OF,543.1164210566228,10.7,9,5,4.0,,,,global_board,excluded_in_global_mode
6,Tarik Skubal,DET,SP,539.4113333333335,5.8,5,6,-1.0,,,,global_board,excluded_in_global_mode
7,Fernando Tatis Jr.,SD,OF,526.6479074631405,14.9,13,7,6.0,,,,global_board,excluded_in_global_mode
8,Vladimir Guerrero Jr.,TOR,1B/DH,525.4590944354793,16.1,15,8,7.0,,,,global_board,excluded_in_global_mode
9,Julio Rodríguez,SEA,OF,518.4192384964688,24.5,21,9,12.0,,,,global_board,excluded_in_global_mode
10,Corbin Carroll,ARI,OF,516.899085154333,19.8,16,10,6.0,,,,global_board,excluded_in_global_mode
11,José Ramírez,CLE,3B/DH,515.8606460673354,6.1,6,11,-5.0,,,,global_board,excluded_in_global_mode
12,Kyle Schwarber,PHI,DH,515.4586348174647,21.8,18,12,6.0,,,,global_board,excluded_in_global_mode
13,Paul Skenes,PIT,SP,506.14166666666665,4.9,4,13,-9.0,,,,global_board,excluded_in_global_mode
14,Kyle Tucker,LAD,OF,503.29328591226914,11.8,11,14,-3.0,,,,global_board,excluded_in_global_mode
15,Gunnar Henderson,BAL,SS,497.1274826252796,24.9,22,15,7.0,,,,global_board,excluded_in_global_mode
16,Elly De La Cruz,CIN,SS,495.2035011096094,34.0,29,16,13.0,,,,global_board,excluded_in_global_mode
17,Brent Rooker,ATH,OF/DH,489.5982867011515,49.6,41,17,24.0,,,,global_board,excluded_in_global_mode
18,Ketel Marte,ARI,2B/DH,477.49221967403724,15.3,14,18,-4.0,,,,global_board,excluded_in_global_mode
19,Pete Alonso,BAL,1B,476.95468031509705,52.8,45,19,26.0,,,,global_board,excluded_in_global_mode
20,Garrett Crochet,BOS,SP,473.92499999999995,9.3,8,20,-12.0,,,,global_board,excluded_in_global_mode
21,Randy Arozarena,SEA,OF,469.695682428315,118.8,97,21,76.0,,,,global_board,excluded_in_global_mode
22,Zach Neto,LAA,SS,469.45538379918014,203.4,170,22,148.0,,,,global_board,excluded_in_global_mode
23,Cal Raleigh,SEA,C/DH,467.5939197720479,11.3,10,23,-13.0,,,,global_board,excluded_in_global_mode
24,Junior Caminero,TB,3B,466.41223085391744,20.3,17,24,-7.0,,,,global_board,excluded_in_global_mode
25,Rafael Devers,SF,1B/DH,465.5330128858683,93.2,77,25,52.0,,,,global_board,excluded_in_global_mode
26,Bryce Harper,PHI,1B,464.7364633553053,75.3,63,26,37.0,,,,global_board,excluded_in_global_mode
27,Trea Turner,PHI,SS,463.03980694503883,82.2,70,27,43.0,,,,global_board,excluded_in_global_mode
28,Jackson Chourio,MIL,OF,462.4083524968795,47.0,39,28,11.0,,,,global_board,excluded_in_global_mode
29,Wyatt Langford,TEX,OF,462.2153747579389,104.4,86,29,57.0,,,,global_board,excluded_in_global_mode
30,Yordan Alvarez,HOU,OF/DH,461.78568116561155,36.5,32,30,2.0,,,,global_board,excluded_in_global_mode
31,James Wood,WSH,OF/DH,458.6688999489362,99.0,81,31,50.0,,,,global_board,excluded_in_global_mode
32,Francisco Lindor,NYM,SS,458.55246778333253,27.4,26,32,-6.0,,,,global_board,excluded_in_global_mode
33,Pete Crow-Armstrong,CHC,OF,456.55488575478813,57.4,50,33,17.0,,,,global_board,excluded_in_global_mode
34,Jazz Chisholm Jr.,NYY,3B/2B,452.7498220392174,54.9,48,34,14.0,,,,global_board,excluded_in_global_mode
35,Jarren Duran,BOS,OF,452.3280939574235,60.9,55,35,20.0,,,,global_board,excluded_in_global_mode
36,Willy Adames,SF,SS,450.8199600581611,161.4,129,36,93.0,,,,global_board,excluded_in_global_mode
37,Bryan Woo,SEA,SP,447.98666666666657,27.1,25,37,-12.0,,,,global_board,excluded_in_global_mode
38,Seiya Suzuki,CHC,OF/DH,444.09491830282707,107.2,87,38,49.0,,,,global_board,excluded_in_global_mode
39,Nick Kurtz,ATH,1B,443.51722424488526,61.7,56,39,17.0,,,,global_board,excluded_in_global_mode
40,Austin Riley,ATL,3B,441.9461840057238,74.6,60,40,20.0,,,,global_board,excluded_in_global_mode
41,Freddie Freeman,LAD,1B,439.6457150893334,81.9,69,41,28.0,,,,global_board,excluded_in_global_mode
42,Maikel Garcia,KC,3B,438.5161393550569,108.1,88,42,46.0,,,,global_board,excluded_in_global_mode
43,Matt Olson,ATL,1B,435.104011599,60.6,54,43,11.0,,,,global_board,excluded_in_global_mode
44,Mookie Betts,LAD,SS,434.85795613721643,39.2,35,44,-9.0,,,,global_board,excluded_in_global_mode
45,Roman Anthony,BOS,OF,434.25464705728245,75.3,65,45,20.0,,,,global_board,excluded_in_global_mode
46,Matt Chapman,SF,3B,434.17361329755227,141.3,112,46,66.0,,,,global_board,excluded_in_global_mode
47,Taylor Ward,BAL,OF,431.566700183403,141.4,113,47,66.0,,,,global_board,excluded_in_global_mode
48,George Springer,TOR,OF/DH,431.4807961922986,75.1,62,48,14.0,,,,global_board,excluded_in_global_mode
49,Manny Machado,SD,3B,431.18297644415327,26.1,24,49,-25.0,,,,global_board,excluded_in_global_mode
50,Jeremy Peña,HOU,SS,430.0945346296652,165.5,134,50,84.0,,,,global_board,excluded_in_global_mode
51,Cristopher Sánchez,PHI,SP,429.5404444444445,24.2,20,51,-31.0,,,,global_board,excluded_in_global_mode
52,Yandy Díaz,TB,1B/DH,428.47728299604216,204.0,171,52,119.0,,,,global_board,excluded_in_global_mode
53,Logan Webb,SF,SP,426.2306666666667,26.0,23,53,-30.0,,,,global_board,excluded_in_global_mode
54,Brice Turang,MIL,2B,426.0806383793693,85.5,74,54,20.0,,,,global_board,excluded_in_global_mode
55,Riley Greene,DET,OF/DH,424.6313031267547,126.3,102,55,47.0,,,,global_board,excluded_in_global_mode
56,Ian Happ,CHC,OF,423.84348839999546,153.6,120,56,64.0,,,,global_board,excluded_in_global_mode
57,Jackson Merrill,SD,OF,421.61021279125765,75.3,64,57,7.0,,,,global_board,excluded_in_global_mode
58,Dansby Swanson,CHC,SS,421.10786885937046,238.4,207,58,149.0,,,,global_board,excluded_in_global_mode
59,Oneil Cruz,PIT,OF,417.9174242864471,181.2,148,59,89.0,,,,global_board,excluded_in_global_mode
60,Brandon Nimmo,TEX,OF,416.4668685940209,125.9,101,60,41.0,,,,global_board,excluded_in_global_mode
61,Alex Bregman,CHC,3B,414.858510974491,35.6,30,61,-31.0,,,,global_board,excluded_in_global_mode
62,CJ Abrams,WSH,SS,414.65071418913055,186.3,152,62,90.0,,,,global_board,excluded_in_global_mode
63,Heliot Ramos,SF,OF,414.2374090110132,252.9,236,63,173.0,,,,global_board,excluded_in_global_mode
64,Eugenio Suárez,CIN,3B,413.73032472557634,110.5,91,64,27.0,,,,global_board,excluded_in_global_mode
65,William Contreras,MIL,C/DH,412.3173850721827,35.7,31,65,-34.0,,,,global_board,excluded_in_global_mode
66,Geraldo Perdomo,ARI,SS,411.25098787160795,70.1,59,66,-7.0,,,,global_board,excluded_in_global_mode
67,Logan Gilbert,SEA,SP,411.1677777777777,22.4,19,67,-48.0,,,,global_board,excluded_in_global_mode
68,Vinnie Pasquantino,KC,1B/DH,409.55671826587076,103.6,84,68,16.0,,,,global_board,excluded_in_global_mode
69,Ezequiel Tovar,COL,SS,407.78373118734675,258.8,304,69,235.0,,,,global_board,excluded_in_global_mode
70,Gleyber Torres,DET,2B,405.73151067963636,140.6,111,70,41.0,,,,global_board,excluded_in_global_mode
71,Munetaka Murakami,CHW,3B,404.2518981214667,238.0,204,71,133.0,,,,global_board,excluded_in_global_mode
72,Brenton Doyle,COL,OF,404.18208795224314,253.6,242,72,170.0,,,,global_board,excluded_in_global_mode
73,Bryan Reynolds,PIT,OF/DH,403.0835214636124,196.8,161,73,88.0,,,,global_board,excluded_in_global_mode
74,Hunter Brown,HOU,SP,402.1916666666667,33.1,28,74,-46.0,,,,global_board,excluded_in_global_mode
75,Trevor Story,BOS,SS,402.174080730289,225.3,183,75,108.0,,,,global_board,excluded_in_global_mode
76,Christian Yelich,MIL,DH,402.0768619206396,109.5,90,76,14.0,,,,global_board,excluded_in_global_mode
77,Byron Buxton,MIN,OF,401.53482036197136,132.7,108,77,31.0,,,,global_board,excluded_in_global_mode
78,Dylan Cease,TOR,SP,400.99477777777787,79.2,68,78,-10.0,,,,global_board,excluded_in_global_mode
79,Teoscar Hernández,LAD,OF,400.51162973642107,161.6,130,79,51.0,,,,global_board,excluded_in_global_mode
80,Max Fried,NYY,SP,399.75944444444445,30.4,27,80,-53.0,,,,global_board,excluded_in_global_mode
81,Jo Adell,LAA,OF,398.94422614101137,221.6,181,81,100.0,,,,global_board,excluded_in_global_mode
82,Andy Pages,LAD,OF,398.61605408173654,169.8,139,82,57.0,,,,global_board,excluded_in_global_mode
83,Mason Miller,SD,RP,398.5828888888889,39.7,36,83,-47.0,,,,global_board,excluded_in_global_mode
84,Tyler Soderstrom,ATH,1B/OF,397.86624441469024,137.0,110,84,26.0,,,,global_board,excluded_in_global_mode
85,Corey Seager,TEX,SS,397.0636085592635,118.0,95,85,10.0,,,,global_board,excluded_in_global_mode
86,Spencer Torkelson,DET,1B,396.8451726268515,229.8,187,86,101.0,,,,global_board,excluded_in_global_mode
87,Yoshinobu Yamamoto,LAD,SP,395.61333333333334,14.5,12,87,-75.0,,,,global_board,excluded_in_global_mode
88,Michael Busch,CHC,1B,395.5002523051982,211.8,177,88,89.0,,,,global_board,excluded_in_global_mode
89,Bo Bichette,NYM,SS,395.0172898413933,117.7,94,89,5.0,,,,global_board,excluded_in_global_mode
90,Hunter Goodman,COL,C/DH,392.9232558828235,157.6,126,90,36.0,,,,global_board,excluded_in_global_mode
91,Nico Hoerner,CHC,2B,391.54712553237675,54.6,47,91,-44.0,,,,global_board,excluded_in_global_mode
92,Josh Naylor,SEA,1B/DH,391.1861011767733,99.7,82,92,-10.0,,,,global_board,excluded_in_global_mode
93,Willson Contreras,BOS,1B,389.7081313678073,251.0,229,93,136.0,,,,global_board,excluded_in_global_mode
94,Lawrence Butler,ATH,OF,389.2157437031619,246.6,217,94,123.0,,,,global_board,excluded_in_global_mode
95,Cade Smith,CLE,RP,389.12333333333333,52.7,44,95,-51.0,,,,global_board,excluded_in_global_mode
96,Jurickson Profar,ATL,OF,387.7513261304019,143.8,116,96,20.0,,,,global_board,excluded_in_global_mode
97,Miguel Vargas,CHW,3B/1B,387.50453661369073,230.3,188,97,91.0,,,,global_board,excluded_in_global_mode
98,Cody Bellinger,NYY,OF,387.2082373716932,49.7,42,98,-56.0,,,,global_board,excluded_in_global_mode
99,Bryson Stott,PHI,2B,387.0423838108593,185.1,149,99,50.0,,,,global_board,excluded_in_global_mode
100,Jesús Luzardo,PHI,SP,385.04777777777775,58.0,51,100,-49.0,,,,global_board,excluded_in_global_mode
101,Michael Harris II,ATL,OF,384.9867809125227,169.5,138,101,37.0,,,,global_board,excluded_in_global_mode
102,Shea Langeliers,ATH,C,384.34206802086294,86.4,75,102,-27.0,,,,global_board,excluded_in_global_mode
103,Will Smith,LAD,C,381.6483172387606,86.9,76,103,-27.0,,,,global_board,excluded_in_global_mode
104,Jakob Marsee,MIA,OF,381.441364237013,218.2,180,104,76.0,,,,global_board,excluded_in_global_mode
105,Xander Bogaerts,SD,SS,379.40891959249143,254.9,253,105,148.0,,,,global_board,excluded_in_global_mode
106,Kyle Stowers,MIA,OF,378.33968086854645,228.3,185,106,79.0,,,,global_board,excluded_in_global_mode
107,Cole Ragans,KC,SP,377.42066666666665,59.1,53,107,-54.0,,,,global_board,excluded_in_global_mode
108,Joe Ryan,MIN,SP,376.23622222222224,58.7,52,108,-56.0,,,,global_board,excluded_in_global_mode
109,Luis Robert Jr.,NYM,OF,375.66309564133707,235.9,198,109,89.0,,,,global_board,excluded_in_global_mode
110,Jonathan Aranda,TB,1B,375.10857308504507,257.8,277,110,167.0,,,,global_board,excluded_in_global_mode
111,Chris Sale,ATL,SP,372.70888888888885,37.6,33,111,-78.0,,,,global_board,excluded_in_global_mode
112,Steven Kwan,CLE,OF,371.3430619315456,78.6,67,112,-45.0,,,,global_board,excluded_in_global_mode
113,Marcus Semien,NYM,2B,369.82855599581035,164.3,133,113,20.0,,,,global_board,excluded_in_global_mode
114,Ceddanne Rafaela,BOS,OF/2B,368.4425585374158,186.0,151,114,37.0,,,,global_board,excluded_in_global_mode
115,Hunter Greene,CIN,SP,368.26888888888885,43.2,38,115,-77.0,,,,global_board,excluded_in_global_mode
116,Otto Lopez,MIA,2B/SS,368.1153925109097,233.1,193,116,77.0,,,,global_board,excluded_in_global_mode
117,Ozzie Albies,ATL,2B,367.023179657202,101.6,83,117,-34.0,,,,global_board,excluded_in_global_mode
118,Dylan Crews,WSH,OF,366.91507187363175,256.9,269,118,151.0,,,,global_board,excluded_in_global_mode
119,Iván Herrera,STL,DH,366.4543810660595,258.5,295,119,176.0,,,,global_board,excluded_in_global_mode
120,Luke Keaschall,MIN,2B,366.40734112946893,156.6,124,120,4.0,,,,global_board,excluded_in_global_mode
121,Alec Burleson,STL,OF/1B/DH,366.40219205743506,178.7,147,121,26.0,,,,global_board,excluded_in_global_mode
122,Adolis García,PHI,OF,365.4506885059634,251.9,231,122,109.0,,,,global_board,excluded_in_global_mode
123,Freddy Peralta,NYM,SP,364.62133333333327,38.5,34,123,-89.0,,,,global_board,excluded_in_global_mode
124,Christian Walker,HOU,1B,364.5995210506133,238.7,208,124,84.0,,,,global_board,excluded_in_global_mode
125,Daulton Varsho,TOR,OF,364.5087898492286,254.1,248,125,123.0,,,,global_board,excluded_in_global_mode
126,Griffin Jax,TB,RP,364.4733333333333,185.6,150,126,24.0,,,,global_board,excluded_in_global_mode
127,Framber Valdez,DET,SP,363.1626666666667,47.2,40,127,-87.0,,,,global_board,excluded_in_global_mode
128,Trent Grisham,NYY,OF,362.86973786984754,253.8,244,128,116.0,,,,global_board,excluded_in_global_mode
129,Edwin Díaz,LAD,RP,362.48100000000005,42.1,37,129,-92.0,,,,global_board,excluded_in_global_mode
130,Jordan Beck,COL,OF,359.46526154302296,259.9,454,130,324.0,,,,global_board,excluded_in_global_mode
131,George Kirby,SEA,SP,356.80566666666675,65.3,57,131,-74.0,,,,global_board,excluded_in_global_mode
132,Mike Trout,LAA,OF/DH,355.0851505233022,203.3,169,132,37.0,,,,global_board,excluded_in_global_mode
133,Matt McLain,CIN,2B,354.81377905558145,256.8,268,133,135.0,,,,global_board,excluded_in_global_mode
134,Jacob deGrom,TEX,SP,354.024,53.5,46,134,-88.0,,,,global_board,excluded_in_global_mode
135,Kyle Manzardo,CLE,1B/DH,353.9083396875722,258.8,306,135,171.0,,,,global_board,excluded_in_global_mode
136,Jake Cronenworth,SD,2B,353.5236613843125,256.6,265,136,129.0,,,,global_board,excluded_in_global_mode
137,Xavier Edwards,MIA,2B/SS,353.44129449226347,208.1,176,137,39.0,,,,global_board,excluded_in_global_mode
138,Masyn Winn,STL,SS,353.3678331860029,258.2,290,138,152.0,,,,global_board,excluded_in_global_mode
139,Kazuma Okamoto,TOR,3B,352.87647618741084,198.6,165,139,26.0,,,,global_board,excluded_in_global_mode
140,Wilyer Abreu,BOS,OF,352.60063768619244,253.9,246,140,106.0,,,,global_board,excluded_in_global_mode
141,David Bednar,NYY,RP,352.57466666666664,84.6,73,141,-68.0,,,,global_board,excluded_in_global_mode
142,Adley Rutschman,BAL,C,349.91017095613194,133.7,109,142,-33.0,,,,global_board,excluded_in_global_mode
143,Colton Cowser,BAL,OF,349.14244833732465,259.5,335,143,192.0,,,,global_board,excluded_in_global_mode
144,Jung Hoo Lee,SF,OF,346.9621424461462,237.0,201,144,57.0,,,,global_board,excluded_in_global_mode
145,Jhoan Duran,PHI,RP,345.8715555555556,56.6,49,145,-96.0,,,,global_board,excluded_in_global_mode
146,Andrew Vaughn,MIL,1B,345.30275929000874,258.9,309,146,163.0,,,,global_board,excluded_in_global_mode
147,Brendan Donovan,SEA,2B,344.6086138911735,201.4,166,147,19.0,,,,global_board,excluded_in_global_mode
148,Jake Burger,TEX,1B,344.4294536981664,259.1,318,148,170.0,,,,global_board,excluded_in_global_mode
149,Josh Bell,MIN,1B/DH,343.9761384331035,259.6,344,149,195.0,,,,global_board,excluded_in_global_mode
150,Brandon Lowe,PIT,2B,343.08182732615603,177.8,146,150,-4.0,,,,global_board,excluded_in_global_mode
151,Alec Bohm,PHI,3B,343.0125573083959,233.1,192,151,41.0,,,,global_board,excluded_in_global_mode
152,Ramón Laureano,SD,OF,342.43628716895654,259.3,328,152,176.0,,,,global_board,excluded_in_global_mode
153,Andrés Muñoz,SEA,RP,342.159,52.5,43,153,-110.0,,,,global_board,excluded_in_global_mode
154,Nolan Schanuel,LAA,1B,341.2772903484924,259.6,345,154,191.0,,,,global_board,excluded_in_global_mode
155,Daylen Lile,WSH,OF,339.9323676269737,255.4,255,155,100.0,,,,global_board,excluded_in_global_mode
156,Mickey Moniak,COL,OF,339.23743956999,259.8,384,156,228.0,,,,global_board,excluded_in_global_mode
157,Jacob Wilson,ATH,SS,338.67460587343925,171.3,142,157,-15.0,,,,global_board,excluded_in_global_mode
158,Sonny Gray,BOS,SP,338.60244444444436,96.3,80,158,-78.0,,,,global_board,excluded_in_global_mode
159,Lars Nootbaar,STL,OF,337.37507838505394,259.8,378,159,219.0,,,,global_board,excluded_in_global_mode
160,Devin Williams,NYM,RP,336.5986666666667,83.2,71,160,-89.0,,,,global_board,excluded_in_global_mode
161,TJ Friedl,CIN,OF,335.9002357438665,256.3,263,161,102.0,,,,global_board,excluded_in_global_mode
162,Nick Pivetta,SD,SP,335.56555555555553,77.0,66,162,-96.0,,,,global_board,excluded_in_global_mode
163,Noelvi Marte,CIN,OF/3B,335.08258537950036,237.9,203,163,40.0,,,,global_board,excluded_in_global_mode
164,Andrés Giménez,TOR,2B,334.89129803264007,259.2,322,164,158.0,,,,global_board,excluded_in_global_mode
165,J.P. Crawford,SEA,SS,334.2694491689658,258.6,297,165,132.0,,,,global_board,excluded_in_global_mode
166,Zack Wheeler,PHI,SP,332.38333333333327,96.0,79,166,-87.0,,,,global_board,excluded_in_global_mode
167,Colson Montgomery,CHW,SS,331.85453224687046,254.2,249,167,82.0,,,,global_board,excluded_in_global_mode
168,Luis Arraez,SF,1B/DH,331.5111449675226,204.7,172,168,4.0,,,,global_board,excluded_in_global_mode
169,Kerry Carpenter,DET,OF/DH,330.6918365893939,252.3,233,169,64.0,,,,global_board,excluded_in_global_mode
170,Marcell Ozuna,PIT,DH,329.8762008788038,252.4,234,170,64.0,,,,global_board,excluded_in_global_mode
171,Luis García Jr.,WSH,2B,329.4862746642153,213.7,179,171,8.0,,,,global_board,excluded_in_global_mode
172,Jorge Polanco,NYM,2B/DH,329.0846226543668,237.7,202,172,30.0,,,,global_board,excluded_in_global_mode
173,Caleb Durbin,BOS,3B,328.1059732152093,207.2,174,173,1.0,,,,global_board,excluded_in_global_mode
174,Bryan Abreu,HOU,RP,328.05,171.2,141,174,-33.0,,,,global_board,excluded_in_global_mode
175,Sal Stewart,CIN,3B/1B,326.4109631341682,245.3,212,175,37.0,,,,global_board,excluded_in_global_mode
176,Aroldis Chapman,BOS,RP,326.2328888888889,70.1,58,176,-118.0,,,,global_board,excluded_in_global_mode
177,Agustin Ramirez,MIA,C/DH,325.7459142905523,142.3,114,177,-63.0,,,,global_board,excluded_in_global_mode
178,Carlos Correa,HOU,3B/SS,324.15634079063,249.8,227,178,49.0,,,,global_board,excluded_in_global_mode
179,Tanner Bibee,CLE,SP,323.9811111111111,154.8,123,179,-56.0,,,,global_board,excluded_in_global_mode
180,Nolan Arenado,ARI,3B,322.86249704308153,249.3,225,180,45.0,,,,global_board,excluded_in_global_mode
181,Josh Hader,HOU,RP,322.837,121.3,98,181,-83.0,,,,global_board,excluded_in_global_mode
182,Jackson Holliday,BAL,2B,322.70035528164743,189.6,156,182,-26.0,,,,global_board,excluded_in_global_mode
183,Matt Wallner,MIN,OF,322.4700966441921,259.9,472,183,289.0,,,,global_board,excluded_in_global_mode
184,Sal Frelick,MIL,OF,322.3614618616863,240.8,210,184,26.0,,,,global_board,excluded_in_global_mode
185,MacKenzie Gore,TEX,SP,322.34844444444445,162.9,132,185,-53.0,,,,global_board,excluded_in_global_mode
186,Kevin Gausman,TOR,SP,322.02599999999995,84.5,72,186,-114.0,,,,global_board,excluded_in_global_mode
187,Cedric Mullins,TB,OF,321.9164519143372,259.7,350,187,163.0,,,,global_board,excluded_in_global_mode
188,Luis Castillo,SEA,SP,321.0382222222222,111.9,92,188,-96.0,,,,global_board,excluded_in_global_mode
189,Daniel Palencia,CHC,RP,319.95599999999996,171.0,140,189,-49.0,,,,global_board,excluded_in_global_mode
190,Jack Flaherty,DET,SP,319.8466666666667,189.3,154,190,-36.0,,,,global_board,excluded_in_global_mode
191,Ryan O'Hearn,PIT,1B/OF/DH,319.616532790946,232.9,191,191,0.0,,,,global_board,excluded_in_global_mode
192,Jordan Walker,STL,OF,319.4306804015022,259.7,355,192,163.0,,,,global_board,excluded_in_global_mode
193,Abner Uribe,MIL,RP,319.02777777777777,202.3,167,193,-26.0,,,,global_board,excluded_in_global_mode
194,Max Muncy,LAD,3B,318.9967460105832,228.9,186,194,-8.0,,,,global_board,excluded_in_global_mode
195,Alejandro Kirk,TOR,C,318.33490903027837,202.3,168,195,-27.0,,,,global_board,excluded_in_global_mode
196,Nathan Eovaldi,TEX,SP,317.7555555555556,114.7,93,196,-103.0,,,,global_board,excluded_in_global_mode
197,Spencer Strider,ATL,SP,317.108,95.9,78,197,-119.0,,,,global_board,excluded_in_global_mode
198,Ranger Suárez,BOS,SP,315.88222222222225,153.5,119,198,-79.0,,,,global_board,excluded_in_global_mode
199,Yainer Diaz,HOU,C/DH,315.8774449409656,158.6,127,199,-72.0,,,,global_board,excluded_in_global_mode
200,Brandon Woodruff,MIL,SP,314.4028888888889,126.8,103,200,-97.0,,,,global_board,excluded_in_global_mode
201,Harrison Bader,SF,OF,313.2562138464858,258.8,305,201,104.0,,,,global_board,excluded_in_global_mode
202,Jeff McNeil,ATH,OF/2B,313.2220310398414,258.1,285,202,83.0,,,,global_board,excluded_in_global_mode
203,Drake Baldwin,ATL,C,313.1333976433088,118.1,96,203,-107.0,,,,global_board,excluded_in_global_mode
204,J.T. Realmuto,PHI,C,311.93822299488306,246.7,218,204,14.0,,,,global_board,excluded_in_global_mode
205,Victor Scott II,STL,OF,309.7126516131344,259.6,346,205,141.0,,,,global_board,excluded_in_global_mode
206,Matthew Boyd,CHC,SP,309.26533333333333,189.4,155,206,-51.0,,,,global_board,excluded_in_global_mode
207,Ernie Clement,TOR,3B/2B/SS,308.5957304372721,194.5,160,207,-47.0,,,,global_board,excluded_in_global_mode
208,Chandler Simpson,TB,OF,308.5701866761062,233.7,194,208,-14.0,,,,global_board,excluded_in_global_mode
209,Trevor Megill,MIL,RP,308.0622222222222,132.3,107,209,-102.0,,,,global_board,excluded_in_global_mode
210,Isaac Paredes,HOU,3B,305.7828116242239,177.4,145,210,-65.0,,,,global_board,excluded_in_global_mode
211,Josh Jung,TEX,3B,304.743753633625,259.5,338,211,127.0,,,,global_board,excluded_in_global_mode
212,Jorge Soler,LAA,OF/DH,304.6301140245633,259.9,456,212,244.0,,,,global_board,excluded_in_global_mode
213,Andrew Benintendi,CHW,OF/DH,303.804807692762,259.9,400,213,187.0,,,,global_board,excluded_in_global_mode
214,Colt Keith,DET,2B/3B/DH,303.58058714525293,253.6,243,214,29.0,,,,global_board,excluded_in_global_mode
215,Aaron Nola,PHI,SP,303.5533333333334,223.5,182,215,-33.0,,,,global_board,excluded_in_global_mode
216,Josh Lowe,LAA,OF,302.2963565149746,259.9,459,216,243.0,,,,global_board,excluded_in_global_mode
217,Ryan Jeffers,MIN,C/DH,301.7157708379766,258.4,294,217,77.0,,,,global_board,excluded_in_global_mode
218,Emilio Pagán,CIN,RP,300.84000000000003,147.1,117,218,-101.0,,,,global_board,excluded_in_global_mode
219,Royce Lewis,MIN,3B,300.8342370678275,235.8,197,219,-22.0,,,,global_board,excluded_in_global_mode
220,Addison Barger,TOR,OF/3B,297.9227290570839,247.5,219,220,-1.0,,,,global_board,excluded_in_global_mode
221,Emmet Sheehan,LAD,SP,297.7446666666667,173.9,144,221,-77.0,,,,global_board,excluded_in_global_mode
222,Brandon Marsh,PHI,OF,296.4395313509403,259.4,329,222,107.0,,,,global_board,excluded_in_global_mode
223,Shota Imanaga,CHC,SP,295.8277777777778,190.4,157,223,-66.0,,,,global_board,excluded_in_global_mode
224,Raisel Iglesias,ATL,RP,295.44933333333336,104.0,85,224,-139.0,,,,global_board,excluded_in_global_mode
225,Jac Caglianone,KC,OF,294.913862740834,254.4,251,225,26.0,,,,global_board,excluded_in_global_mode
226,Joey Ortiz,MIL,SS,293.1608812355658,259.8,374,226,148.0,,,,global_board,excluded_in_global_mode
227,Blake Snell,LAD,SP,293.1444444444445,74.8,61,227,-166.0,,,,global_board,excluded_in_global_mode
228,Carlos Estévez,KC,RP,292.36555555555555,122.7,99,228,-129.0,,,,global_board,excluded_in_global_mode
229,Michael King,SD,SP,292.27377777777775,166.8,136,229,-93.0,,,,global_board,excluded_in_global_mode
230,Jeremiah Estrada,SD,RP,291.6983333333334,245.8,215,230,-15.0,,,,global_board,excluded_in_global_mode
231,Chase Meidroth,CHW,2B/SS,291.69629430744646,259.7,351,231,120.0,,,,global_board,excluded_in_global_mode
232,Eury Pérez,MIA,SP,291.4815555555556,142.6,115,232,-117.0,,,,global_board,excluded_in_global_mode
233,Robbie Ray,SF,SP,291.324,190.8,158,233,-75.0,,,,global_board,excluded_in_global_mode
234,Robert Garcia,TEX,RP,290.05022222222226,245.4,213,234,-21.0,,,,global_board,excluded_in_global_mode
235,Tyler Glasnow,LAD,SP,290.03055555555557,126.9,104,235,-131.0,,,,global_board,excluded_in_global_mode
236,Trey Yesavage,TOR,SP,287.0608888888889,192.2,159,236,-77.0,,,,global_board,excluded_in_global_mode
237,Kyle Teel,CHW,C,285.47278285359647,253.9,245,237,8.0,,,,global_board,excluded_in_global_mode
238,Nolan Gorman,STL,2B/3B/DH,285.1883411550759,259.3,327,238,89.0,,,,global_board,excluded_in_global_mode
239,Gabriel Moreno,ARI,C,285.08725607354546,245.7,214,239,-25.0,,,,global_board,excluded_in_global_mode
240,Nolan McLean,NYM,SP,284.86688888888887,154.6,122,240,-118.0,,,,global_board,excluded_in_global_mode
241,Jake Meyers,HOU,OF,284.00877780608033,259.9,446,241,205.0,,,,global_board,excluded_in_global_mode
242,Chase Burns,CIN,SP,283.3610000000001,127.4,105,242,-137.0,,,,global_board,excluded_in_global_mode
243,Spencer Horwitz,PIT,1B,283.26004581121464,259.8,390,243,147.0,,,,global_board,excluded_in_global_mode
244,Carlos Rodón,NYY,SP,283.068,212.0,178,244,-66.0,,,,global_board,excluded_in_global_mode
245,Anthony Volpe,NYY,SS,282.8363333313753,258.9,310,245,65.0,,,,global_board,excluded_in_global_mode
246,Gavin Williams,CLE,SP,282.69388888888886,166.6,135,246,-111.0,,,,global_board,excluded_in_global_mode
247,Kenley Jansen,DET,RP,282.17266666666666,162.4,131,247,-116.0,,,,global_board,excluded_in_global_mode
248,Garrett Whitlock,BOS,RP,281.746,248.3,221,248,-27.0,,,,global_board,excluded_in_global_mode
249,Jordan Westburg,BAL,3B,280.94550531293567,197.8,164,249,-85.0,,,,global_board,excluded_in_global_mode
250,Zac Gallen,ARI,SP,280.86833333333334,153.6,121,250,-129.0,,,,global_board,excluded_in_global_mode
251,Sandy Alcantara,MIA,SP,280.67600000000004,196.9,162,251,-89.0,,,,global_board,excluded_in_global_mode
252,Parker Meadows,DET,OF,280.2655795919617,259.9,478,252,226.0,,,,global_board,excluded_in_global_mode
253,Pete Fairbanks,MIA,RP,280.055,149.2,118,253,-135.0,,,,global_board,excluded_in_global_mode
254,Robert Suarez,ATL,RP,279.5905555555555,207.9,175,254,-79.0,,,,global_board,excluded_in_global_mode
255,Ryan McMahon,NYY,3B,279.55866550048785,258.8,307,255,52.0,,,,global_board,excluded_in_global_mode
256,Kyle Bradish,BAL,SP,279.5355555555556,108.3,89,256,-167.0,,,,global_board,excluded_in_global_mode
257,Jesús Sánchez,TOR,OF,278.74475491309016,259.9,449,257,192.0,,,,global_board,excluded_in_global_mode
258,Ryan Pepiot,TB,SP,278.62166666666667,124.1,100,258,-158.0,,,,global_board,excluded_in_global_mode
259,Lane Thomas,KC,OF,278.44142526922525,259.9,466,259,207.0,,,,global_board,excluded_in_global_mode
260,Mike Yastrzemski,ATL,OF,278.26280801537024,259.1,319,260,59.0,,,,global_board,excluded_in_global_mode
261,Shane Baz,BAL,SP,277.6537777777778,247.9,220,261,-41.0,,,,global_board,excluded_in_global_mode
262,Wenceel Pérez,DET,OF,276.8527863018182,259.9,506,262,244.0,,,,global_board,excluded_in_global_mode
263,Quinn Priester,MIL,SP,276.3644444444445,257.9,282,263,19.0,,,,global_board,excluded_in_global_mode
264,Evan Carter,TEX,OF,275.9009125719292,259.4,331,264,67.0,,,,global_board,excluded_in_global_mode
265,Logan O'Hoppe,LAA,C,275.6903797544485,258.9,311,265,46.0,,,,global_board,excluded_in_global_mode
266,Trevor Larnach,MIN,OF/DH,273.82092061864944,259.9,496,266,230.0,,,,global_board,excluded_in_global_mode
267,Nick Lodolo,CIN,SP,273.6916666666666,167.6,137,267,-130.0,,,,global_board,excluded_in_global_mode
268,Gavin Sheets,SD,OF/DH,273.6653194002439,259.8,368,268,100.0,,,,global_board,excluded_in_global_mode
269,Merrill Kelly,ARI,SP,273.6444444444445,226.5,184,269,-85.0,,,,global_board,excluded_in_global_mode
270,Tony Santillan,CIN,RP,273.1511111111111,257.9,283,270,13.0,,,,global_board,excluded_in_global_mode
271,Tommy Edman,LAD,OF/2B,271.5779927050876,256.1,259,271,-12.0,,,,global_board,excluded_in_global_mode
272,Ryan Helsley,BAL,RP,271.2684444444444,159.8,128,272,-144.0,,,,global_board,excluded_in_global_mode
273,Drew Rasmussen,TB,SP,271.18933333333325,172.8,143,273,-130.0,,,,global_board,excluded_in_global_mode
274,Edward Cabrera,CHC,SP,267.92533333333336,236.8,200,274,-74.0,,,,global_board,excluded_in_global_mode
275,Bo Naylor,CLE,C,267.72813187035354,259.1,316,275,41.0,,,,global_board,excluded_in_global_mode
276,Isaac Collins,KC,OF,267.6627612713034,260.0,516,276,240.0,,,,global_board,excluded_in_global_mode
277,Spencer Steer,CIN,1B,267.60401557192455,258.8,308,277,31.0,,,,global_board,excluded_in_global_mode
278,Austin Wells,NYY,C,266.6208003077949,251.7,230,278,-48.0,,,,global_board,excluded_in_global_mode
279,Connor Norby,MIA,3B,266.6120370588445,260.0,514,279,235.0,,,,global_board,excluded_in_global_mode
280,Alex Vesia,LAD,RP,266.3666666666667,255.5,256,280,-24.0,,,,global_board,excluded_in_global_mode
281,Mark Vientos,NYM,3B/DH,266.24021349149643,259.2,323,281,42.0,,,,global_board,excluded_in_global_mode
282,Jacob Misiorowski,MIL,SP,265.8426666666667,130.1,106,282,-176.0,,,,global_board,excluded_in_global_mode
283,José Soriano,LAA,SP,265.786,257.9,280,283,-3.0,,,,global_board,excluded_in_global_mode
284,Andrew Abbott,CIN,SP,264.5576666666666,207.1,173,284,-111.0,,,,global_board,excluded_in_global_mode
285,Hunter Gaddis,CLE,RP,263.833,253.3,240,285,-45.0,,,,global_board,excluded_in_global_mode
286,Brett Baty,NYM,3B/2B,263.65215956444234,259.0,312,286,26.0,,,,global_board,excluded_in_global_mode
287,Bailey Ober,MIN,SP,263.6344444444444,250.4,228,287,-59.0,,,,global_board,excluded_in_global_mode
288,Joc Pederson,TEX,DH,263.0853918827918,259.9,451,288,163.0,,,,global_board,excluded_in_global_mode
289,Giancarlo Stanton,NYY,OF/DH,261.89109715051734,246.4,216,289,-73.0,,,,global_board,excluded_in_global_mode
290,Jack Leiter,TEX,SP,261.63500000000005,256.3,262,290,-28.0,,,,global_board,excluded_in_global_mode
291,Tatsuya Imai,HOU,SP,261.51111111111106,233.8,195,291,-96.0,,,,global_board,excluded_in_global_mode
292,Austin Hays,CHW,OF/DH,261.4306728943149,259.9,404,292,112.0,,,,global_board,excluded_in_global_mode
293,Chase DeLauter,CLE,OF,261.12557366975534,259.4,330,293,37.0,,,,global_board,excluded_in_global_mode
294,Edwin Uceta,TB,RP,260.1886666666667,255.3,254,294,-40.0,,,,global_board,excluded_in_global_mode
295,Gavin Lux,TB,OF/DH,259.5427403095869,,555,295,260.0,,,,global_board,excluded_in_global_mode
296,Jeff Hoffman,TOR,RP,258.718,157.2,125,296,-171.0,,,,global_board,excluded_in_global_mode
297,Kevin Ginkel,ARI,RP,258.12,259.5,339,297,42.0,,,,global_board,excluded_in_global_mode
298,Tyler Rogers,TOR,RP,258.034,252.1,232,298,-66.0,,,,global_board,excluded_in_global_mode
299,Tyler Stephenson,CIN,C,258.01220737058105,259.4,334,299,35.0,,,,global_board,excluded_in_global_mode
300,Bryce Eldridge,SF,DH,256.99108240320004,259.6,341,300,41.0,,,,global_board,excluded_in_global_mode
301,Francisco Alvarez,NYM,C,256.2179497165362,256.4,264,301,-37.0,,,,global_board,excluded_in_global_mode
302,Tyler O'Neill,BAL,OF,256.05348373996196,259.7,361,302,59.0,,,,global_board,excluded_in_global_mode
303,Konnor Griffin,PIT,SS,255.7947567319479,235.3,196,303,-107.0,,,,global_board,excluded_in_global_mode
304,José Caballero,NYY,2B/3B/SS/OF,254.1793235712727,238.2,205,304,-99.0,,,,global_board,excluded_in_global_mode
305,Mitch Keller,PIT,SP,253.86088888888884,254.6,252,305,-53.0,,,,global_board,excluded_in_global_mode
306,Samuel Basallo,BAL,C,253.65600887733333,248.8,223,306,-83.0,,,,global_board,excluded_in_global_mode
307,Tyler Freeman,COL,OF/DH,252.8513327009095,259.9,499,307,192.0,,,,global_board,excluded_in_global_mode
308,Cam Smith,HOU,OF,251.46579209542153,259.9,412,308,104.0,,,,global_board,excluded_in_global_mode
309,Kris Bubic,KC,SP,250.2522222222222,232.3,190,309,-119.0,,,,global_board,excluded_in_global_mode
310,Joe Musgrove,SD,SP,249.79999999999995,248.9,224,310,-86.0,,,,global_board,excluded_in_global_mode
311,David Peterson,NYM,SP,249.71044444444442,259.0,314,311,3.0,,,,global_board,excluded_in_global_mode
312,Chris Bassitt,BAL,SP,249.65055555555557,256.8,267,312,-45.0,,,,global_board,excluded_in_global_mode
313,Ryan Walker,SF,RP,249.619,236.0,199,313,-114.0,,,,global_board,excluded_in_global_mode
314,Yusei Kikuchi,LAA,SP,248.21022222222217,253.0,238,314,-76.0,,,,global_board,excluded_in_global_mode
315,Trevor Rogers,BAL,SP,248.13599999999997,197.6,163,315,-152.0,,,,global_board,excluded_in_global_mode
316,Andrew Kittredge,BAL,RP,247.18333333333334,259.9,401,316,85.0,,,,global_board,excluded_in_global_mode
317,Will Vest,DET,RP,247.10222222222222,254.0,247,317,-70.0,,,,global_board,excluded_in_global_mode
318,Matt Brash,SEA,RP,245.54022222222218,258.6,298,318,-20.0,,,,global_board,excluded_in_global_mode
319,Carter Jensen,KC,C/DH,245.1820970341043,257.1,271,319,-48.0,,,,global_board,excluded_in_global_mode
320,Shane Smith,CHW,SP,245.0964444444445,258.1,287,320,-33.0,,,,global_board,excluded_in_global_mode
321,Sean Manaea,NYM,SP,244.00199999999995,259.4,333,321,12.0,,,,global_board,excluded_in_global_mode
322,Ryne Nelson,ARI,RP/SP,242.6155555555555,258.2,291,322,-31.0,,,,global_board,excluded_in_global_mode
323,Jameson Taillon,CHC,SP,242.3783333333334,259.5,337,323,14.0,,,,global_board,excluded_in_global_mode
324,Brandon Pfaadt,ARI,SP,242.16088888888896,259.7,349,324,25.0,,,,global_board,excluded_in_global_mode
325,Yimi García,TOR,RP,242.11822222222222,259.9,508,325,183.0,,,,global_board,excluded_in_global_mode
326,Dominic Canzone,SEA,OF,241.9100901075879,259.9,421,326,95.0,,,,global_board,excluded_in_global_mode
327,Phil Maton,CHC,RP,241.84177777777776,259.7,359,327,32.0,,,,global_board,excluded_in_global_mode
328,Michael Wacha,KC,SP,240.64444444444445,257.6,275,328,-53.0,,,,global_board,excluded_in_global_mode
329,Bryce Miller,SEA,SP,240.64088888888892,253.4,241,329,-88.0,,,,global_board,excluded_in_global_mode
330,Pavin Smith,ARI,1B/DH,240.413745418585,259.9,480,330,150.0,,,,global_board,excluded_in_global_mode
331,Brady Singer,CIN,SP,239.70000000000005,256.0,258,331,-73.0,,,,global_board,excluded_in_global_mode
332,Luke Weaver,NYM,RP,237.33777777777777,255.6,257,332,-75.0,,,,global_board,excluded_in_global_mode
333,Adrian Morejon,SD,RP,236.19899999999998,252.9,235,333,-98.0,,,,global_board,excluded_in_global_mode
334,Jake McCarthy,COL,OF,236.18133440572237,259.9,445,334,111.0,,,,global_board,excluded_in_global_mode
335,Joey Cantillo,CLE,RP/SP,236.14,258.3,292,335,-43.0,,,,global_board,excluded_in_global_mode
336,Dylan Lee,ATL,RP,235.8296666666667,259.9,423,336,87.0,,,,global_board,excluded_in_global_mode
337,Edgar Quero,CHW,C/DH,235.76989668198087,259.9,424,337,87.0,,,,global_board,excluded_in_global_mode
338,Ha-Seong Kim,ATL,SS,234.82450314840173,259.6,343,338,5.0,,,,global_board,excluded_in_global_mode
339,Jared Koenig,MIL,RP,234.35066666666665,259.7,353,339,14.0,,,,global_board,excluded_in_global_mode
340,Casey Mize,DET,SP,234.3022222222222,258.6,296,340,-44.0,,,,global_board,excluded_in_global_mode
341,Brayan Bello,BOS,SP,234.072,256.3,261,341,-80.0,,,,global_board,excluded_in_global_mode
342,Nick Gonzales,PIT,2B,232.3949997294775,259.7,358,342,16.0,,,,global_board,excluded_in_global_mode
343,Bubba Chandler,PIT,SP,231.4655555555555,238.4,206,343,-137.0,,,,global_board,excluded_in_global_mode
344,Matt Strahm,KC,RP,231.35333333333335,257.4,273,344,-71.0,,,,global_board,excluded_in_global_mode
345,Camilo Doval,NYY,RP,230.60477777777777,257.9,279,345,-66.0,,,,global_board,excluded_in_global_mode
346,Noah Cameron,KC,SP,229.49111111111108,254.3,250,346,-96.0,,,,global_board,excluded_in_global_mode
347,Keegan Akin,BAL,RP,228.61666666666665,259.9,464,347,117.0,,,,global_board,excluded_in_global_mode
348,Jason Adam,SD,RP,227.39733333333334,243.8,211,348,-137.0,,,,global_board,excluded_in_global_mode
349,Reid Detmers,LAA,RP,226.92666666666668,258.7,303,349,-46.0,,,,global_board,excluded_in_global_mode
350,Brad Keller,PHI,RP,226.8388888888889,258.7,299,350,-51.0,,,,global_board,excluded_in_global_mode
351,Shane McClanahan,TB,SP,226.08755555555558,253.1,239,351,-112.0,,,,global_board,excluded_in_global_mode
352,Bryan King,HOU,RP,226.01733333333337,259.3,324,352,-28.0,,,,global_board,excluded_in_global_mode
353,Logan Henderson,MIL,SP,225.97033333333326,258.7,301,353,-52.0,,,,global_board,excluded_in_global_mode
354,Garrett Cleavinger,TB,RP,225.9358888888889,259.9,430,354,76.0,,,,global_board,excluded_in_global_mode
355,Fernando Cruz,NYY,RP,225.15166666666667,259.5,336,355,-19.0,,,,global_board,excluded_in_global_mode
356,Clay Holmes,NYM,SP,224.23677777777777,257.4,272,356,-84.0,,,,global_board,excluded_in_global_mode
357,Orion Kerkering,PHI,RP,223.52111111111114,259.8,386,357,29.0,,,,global_board,excluded_in_global_mode
358,Cade Horton,CHC,SP,223.51466666666664,231.1,189,358,-169.0,,,,global_board,excluded_in_global_mode
359,Steven Matz,TB,RP,223.23811111111104,259.9,491,359,132.0,,,,global_board,excluded_in_global_mode
360,Grayson Rodriguez,LAA,SP,223.14300000000003,259.1,317,360,-43.0,,,,global_board,excluded_in_global_mode
361,Caleb Thielbar,CHC,RP,222.67000000000002,259.9,411,361,50.0,,,,global_board,excluded_in_global_mode
362,Edouard Julien,COL,1B/2B,221.66258003081083,259.8,367,362,5.0,,,,global_board,excluded_in_global_mode
363,Kevin McGonigle,DET,SS,221.11128020339942,257.8,278,363,-85.0,,,,global_board,excluded_in_global_mode
364,Carson Kelly,CHC,C,220.8651060995836,258.2,288,364,-76.0,,,,global_board,excluded_in_global_mode
365,Paul Goldschmidt,NYY,1B,220.2004921256876,258.7,302,365,-63.0,,,,global_board,excluded_in_global_mode
366,Mike Burrows,HOU,SP,219.92200000000003,259.8,385,366,19.0,,,,global_board,excluded_in_global_mode
367,Louie Varland,TOR,RP,219.19222222222223,259.3,325,367,-42.0,,,,global_board,excluded_in_global_mode
368,Taj Bradley,MIN,SP,218.95,259.9,493,368,125.0,,,,global_board,excluded_in_global_mode
369,Gerrit Cole,NYY,SP,218.0866666666667,188.7,153,369,-216.0,,,,global_board,excluded_in_global_mode
370,Tyler Holton,DET,RP/SP,217.49355555555556,259.9,500,370,130.0,,,,global_board,excluded_in_global_mode
371,Ryan Weathers,NYY,SP,216.62666666666678,259.1,321,371,-50.0,,,,global_board,excluded_in_global_mode
372,John Schreiber,KC,RP,216.33333333333334,259.9,452,372,80.0,,,,global_board,excluded_in_global_mode
373,Yoán Moncada,LAA,3B,215.15440831698112,259.9,509,373,136.0,,,,global_board,excluded_in_global_mode
374,Seranthony Domínguez,CHW,RP,215.12488888888893,256.2,260,374,-114.0,,,,global_board,excluded_in_global_mode
375,Rhys Hoskins,MIL,1B,213.8785698871536,259.8,388,375,13.0,,,,global_board,excluded_in_global_mode
376,Zack Littell,CIN,SP,213.86333333333334,259.8,392,376,16.0,,,,global_board,excluded_in_global_mode
377,Zebby Matthews,MIN,SP,213.79222222222222,260.0,528,377,151.0,,,,global_board,excluded_in_global_mode
378,Davis Schneider,TOR,2B/OF,213.3707708911214,259.8,366,378,-12.0,,,,global_board,excluded_in_global_mode
379,Lourdes Gurriel Jr.,ARI,OF,212.471906466032,259.8,379,379,0.0,,,,global_board,excluded_in_global_mode
380,Jose A. Ferrer,SEA,RP,212.436,259.9,457,380,77.0,,,,global_board,excluded_in_global_mode
381,Victor Caratini,MIN,C/DH,211.1436341559416,259.9,503,381,122.0,,,,global_board,excluded_in_global_mode
382,Anthony Bender,MIA,RP,211.1296666666667,259.9,402,382,20.0,,,,global_board,excluded_in_global_mode
383,Luis Severino,ATH,SP,210.7653333333334,259.7,357,383,-26.0,,,,global_board,excluded_in_global_mode
384,Seth Lugo,KC,SP,209.9707777777777,256.9,270,384,-114.0,,,,global_board,excluded_in_global_mode
385,Bryan Baker,TB,RP,209.87444444444446,,533,385,148.0,,,,global_board,excluded_in_global_mode
386,Dennis Santana,PIT,RP,209.84199999999998,248.4,222,386,-164.0,,,,global_board,excluded_in_global_mode
387,Jeffrey Springs,ATH,SP,209.69766666666658,259.8,373,387,-14.0,,,,global_board,excluded_in_global_mode
388,Lucas Erceg,KC,RP,206.72666666666666,259.7,356,388,-32.0,,,,global_board,excluded_in_global_mode
389,Simeon Woods Richardson,MIN,SP,206.36888888888888,259.9,490,389,101.0,,,,global_board,excluded_in_global_mode
390,Zach Eflin,BAL,SP,206.3495555555555,259.6,347,390,-43.0,,,,global_board,excluded_in_global_mode
391,Reynaldo López,ATL,SP,206.20577777777774,259.1,320,391,-71.0,,,,global_board,excluded_in_global_mode
392,JJ Bleday,CIN,OF,205.92225177095958,259.9,440,392,48.0,,,,global_board,excluded_in_global_mode
393,Graham Ashcraft,CIN,RP,205.1217777777778,259.9,433,393,40.0,,,,global_board,excluded_in_global_mode
394,Ryan Thompson,ARI,RP,204.39333333333332,259.9,484,394,90.0,,,,global_board,excluded_in_global_mode
395,Dean Kremer,BAL,SP,204.10444444444443,259.9,420,395,25.0,,,,global_board,excluded_in_global_mode
396,Kodai Senga,NYM,SP,202.95988888888894,253.0,237,396,-159.0,,,,global_board,excluded_in_global_mode
397,Matthew Liberatore,STL,SP,200.93911111111117,259.8,381,397,-16.0,,,,global_board,excluded_in_global_mode
398,Romy Gonzalez,BOS,1B/2B,200.76722641164136,259.7,360,398,-38.0,,,,global_board,excluded_in_global_mode
399,Kyle Finnegan,DET,RP,199.9597777777778,257.9,281,399,-118.0,,,,global_board,excluded_in_global_mode
400,Ryan Zeferjahn,LAA,RP,199.05799999999996,,591,400,191.0,,,,global_board,excluded_in_global_mode
401,Dustin May,STL,SP,197.3555555555555,259.6,342,401,-59.0,,,,global_board,excluded_in_global_mode
402,Roki Sasaki,LAD,SP,196.80666666666664,240.4,209,402,-193.0,,,,global_board,excluded_in_global_mode
403,Cole Sands,MIN,RP,195.35055555555553,,541,403,138.0,,,,global_board,excluded_in_global_mode
404,Tyler Mahle,SF,SP,193.99,259.9,502,404,98.0,,,,global_board,excluded_in_global_mode
405,Lucas Giolito,BOS,SP,193.81022222222217,259.8,380,405,-25.0,,,,global_board,excluded_in_global_mode
406,Grant Holmes,ATL,SP,192.9831111111111,259.8,370,406,-36.0,,,,global_board,excluded_in_global_mode
407,Cristian Javier,HOU,SP,192.65455555555553,259.9,418,407,11.0,,,,global_board,excluded_in_global_mode
408,Blake Treinen,LAD,RP,191.43555555555554,259.7,348,408,-60.0,,,,global_board,excluded_in_global_mode
409,Shane Bieber,TOR,SP,190.56266666666664,249.7,226,409,-183.0,,,,global_board,excluded_in_global_mode
410,Hogan Harris,ATH,RP,190.19600000000003,259.9,436,410,26.0,,,,global_board,excluded_in_global_mode
411,Braxton Garrett,MIA,SP,189.52000000000004,259.9,407,411,-4.0,,,,global_board,excluded_in_global_mode
412,Robert Stephenson,LAA,RP,189.50833333333333,,587,412,175.0,,,,global_board,excluded_in_global_mode
413,Yennier Cano,BAL,RP,188.9997777777778,259.9,507,413,94.0,,,,global_board,excluded_in_global_mode
414,Landen Roupp,SF,SP,187.10799999999995,259.9,465,414,51.0,,,,global_board,excluded_in_global_mode
415,Max Meyer,MIA,SP,186.02800000000002,259.8,382,415,-33.0,,,,global_board,excluded_in_global_mode
416,Sean Burke,CHW,SP,183.68688888888886,259.9,487,416,71.0,,,,global_board,excluded_in_global_mode
417,Gregory Soto,PIT,RP,183.41333333333333,259.8,371,417,-46.0,,,,global_board,excluded_in_global_mode
418,Foster Griffin,WSH,SP,183.03066666666663,259.9,428,418,10.0,,,,global_board,excluded_in_global_mode
419,Cade Cavalli,WSH,SP,183.0153333333333,259.9,410,419,-9.0,,,,global_board,excluded_in_global_mode
420,Justin Verlander,DET,SP,182.9225555555555,257.7,276,420,-144.0,,,,global_board,excluded_in_global_mode
421,Eduardo Rodriguez,ARI,SP,182.44600000000003,259.9,425,421,4.0,,,,global_board,excluded_in_global_mode
422,Paul Sewald,ARI,RP,181.46444444444444,259.9,479,422,57.0,,,,global_board,excluded_in_global_mode
423,Steven Okert,HOU,RP,181.31777777777776,259.9,492,423,69.0,,,,global_board,excluded_in_global_mode
424,Kirby Yates,LAA,RP,180.96222222222224,259.8,376,424,-48.0,,,,global_board,excluded_in_global_mode
425,Adrian Houser,SF,SP,177.89999999999998,259.9,397,425,-28.0,,,,global_board,excluded_in_global_mode
426,José Berríos,TOR,SP,177.24844444444443,258.2,289,426,-137.0,,,,global_board,excluded_in_global_mode
427,Shawn Armstrong,CLE,RP,176.49200000000008,259.8,389,427,-38.0,,,,global_board,excluded_in_global_mode
428,Jordan Romano,LAA,RP,176.30533333333332,259.9,455,428,27.0,,,,global_board,excluded_in_global_mode
429,Tyler Kinley,ATL,RP,176.1997777777778,259.9,501,429,72.0,,,,global_board,excluded_in_global_mode
430,Nick Martinez,TB,RP/SP,175.92588888888886,259.0,315,430,-115.0,,,,global_board,excluded_in_global_mode
431,Taylor Rogers,MIN,RP,175.35655555555556,259.9,494,431,63.0,,,,global_board,excluded_in_global_mode
432,Mark Leiter Jr.,ATH,RP,174.89266666666668,259.9,471,432,39.0,,,,global_board,excluded_in_global_mode
433,Tanner Scott,LAD,RP,174.084,257.4,274,433,-159.0,,,,global_board,excluded_in_global_mode
434,Michael Soroka,ARI,SP,170.692,259.9,474,434,40.0,,,,global_board,excluded_in_global_mode
435,Brooks Raley,NYM,RP,168.81966666666665,259.6,340,435,-95.0,,,,global_board,excluded_in_global_mode
436,Aaron Ashby,MIL,RP,168.6,259.9,394,436,-42.0,,,,global_board,excluded_in_global_mode
437,Pierce Johnson,CIN,RP,166.6911111111111,259.9,481,437,44.0,,,,global_board,excluded_in_global_mode
438,Aaron Civale,ATH,SP,165.8677777777778,259.9,396,438,-42.0,,,,global_board,excluded_in_global_mode
439,Porter Hodge,CHC,RP,164.2946666666667,259.9,482,439,43.0,,,,global_board,excluded_in_global_mode
440,Tommy Kahnle,DET,RP,162.696,260.0,525,440,85.0,,,,global_board,excluded_in_global_mode
441,Andre Pallante,STL,SP,161.00000000000006,259.9,399,441,-42.0,,,,global_board,excluded_in_global_mode
442,Seth Halvorsen,COL,RP,159.58022222222223,259.9,489,442,47.0,,,,global_board,excluded_in_global_mode
443,Matt Festa,CLE,RP,158.1931111111111,,576,443,133.0,,,,global_board,excluded_in_global_mode
444,Jimmy Herget,COL,RP,157.98011111111109,259.9,450,444,6.0,,,,global_board,excluded_in_global_mode
445,A.J. Minter,NYM,RP,155.06688888888888,259.9,393,445,-52.0,,,,global_board,excluded_in_global_mode
446,Jordan Hicks,CHW,RP/SP,154.7866666666667,,561,446,115.0,,,,global_board,excluded_in_global_mode
447,Jake Bird,NYY,RP,154.1632222222222,259.9,443,447,-4.0,,,,global_board,excluded_in_global_mode
448,Brock Burke,CIN,RP,154.15344444444446,259.9,408,448,-40.0,,,,global_board,excluded_in_global_mode
449,Scott Barlow,ATH,RP,153.89222222222222,259.9,486,449,37.0,,,,global_board,excluded_in_global_mode
450,Davis Martin,CHW,SP,153.68133333333333,259.9,419,450,-31.0,,,,global_board,excluded_in_global_mode
451,Justin Steele,CHC,SP,153.4815555555556,258.1,286,451,-165.0,,,,global_board,excluded_in_global_mode
452,Ryne Stanek,STL,RP,152.7091111111111,,592,452,140.0,,,,global_board,excluded_in_global_mode
453,Johan Oviedo,BOS,SP,152.17333333333332,259.7,354,453,-99.0,,,,global_board,excluded_in_global_mode
454,Michael Kelly,ATH,RP,152.115,,577,454,123.0,,,,global_board,excluded_in_global_mode
455,Huascar Brazobán,NYM,RP,151.89999999999998,259.9,437,455,-18.0,,,,global_board,excluded_in_global_mode
456,Caleb Ferguson,CIN,RP,151.88866666666667,,536,456,80.0,,,,global_board,excluded_in_global_mode
457,Kumar Rocker,TEX,SP,151.55933333333337,,568,457,111.0,,,,global_board,excluded_in_global_mode
458,Andrew Painter,PHI,SP,151.04944444444445,258.0,284,458,-174.0,,,,global_board,excluded_in_global_mode
459,Drew Pomeranz,LAA,RP,150.36166666666668,259.9,422,459,-37.0,,,,global_board,excluded_in_global_mode
460,Max Scherzer,TOR,SP,149.47155555555557,259.3,326,460,-134.0,,,,global_board,excluded_in_global_mode
461,Nick Mears,KC,RP,149.2528888888889,259.9,477,461,16.0,,,,global_board,excluded_in_global_mode
462,Justin Wilson,BOS,RP,148.65244444444446,,566,462,104.0,,,,global_board,excluded_in_global_mode
463,Spencer Schwellenbach,ATL,SP,148.62500000000003,256.7,266,463,-197.0,,,,global_board,excluded_in_global_mode
464,Anthony Banda,MIN,RP,147.67422222222223,259.8,364,464,-100.0,,,,global_board,excluded_in_global_mode
465,Luis García,NYM,RP,147.66466666666662,,572,465,107.0,,,,global_board,excluded_in_global_mode
466,Mick Abel,MIN,SP,147.5483333333333,259.9,475,466,9.0,,,,global_board,excluded_in_global_mode
467,Luis Gil,NYY,SP,146.69866666666664,258.4,293,467,-174.0,,,,global_board,excluded_in_global_mode
468,Alexis Díaz,TEX,RP,146.4848888888889,259.8,363,468,-105.0,,,,global_board,excluded_in_global_mode
469,Bryce Elder,ATL,SP,144.96166666666664,259.8,365,469,-104.0,,,,global_board,excluded_in_global_mode
470,Chris Martin,TEX,RP,144.70333333333332,,538,470,68.0,,,,global_board,excluded_in_global_mode
471,Drew Anderson,DET,SP,144.17555555555555,,549,471,78.0,,,,global_board,excluded_in_global_mode
472,Robert Gasser,MIL,SP,141.8311111111111,,586,472,114.0,,,,global_board,excluded_in_global_mode
473,Tim Hill,NYY,RP,141.41344444444445,259.9,495,473,22.0,,,,global_board,excluded_in_global_mode
474,Miles Mikolas,WSH,SP,141.25433333333334,259.9,476,474,2.0,,,,global_board,excluded_in_global_mode
475,Griffin Canning,SD,SP,140.6426666666666,259.9,434,475,-41.0,,,,global_board,excluded_in_global_mode
476,Jared Jones,PIT,SP,140.1158888888889,259.9,448,476,-28.0,,,,global_board,excluded_in_global_mode
477,Logan Allen,CLE,SP,139.1026666666667,259.9,468,477,-9.0,,,,global_board,excluded_in_global_mode
478,Chris Paddack,MIA,SP,137.55,259.9,415,478,-63.0,,,,global_board,excluded_in_global_mode
479,Grant Anderson,MIL,RP,137.19755555555557,260.0,515,479,36.0,,,,global_board,excluded_in_global_mode
480,José Alvarado,PHI,RP,137.04999999999998,259.4,332,480,-148.0,,,,global_board,excluded_in_global_mode
481,Cole Winn,TEX,RP,136.1098888888889,260.0,513,481,32.0,,,,global_board,excluded_in_global_mode
482,Kyle Freeland,COL,SP,135.42155555555556,259.8,377,482,-105.0,,,,global_board,excluded_in_global_mode
483,Jakob Junis,TEX,RP,135.39622222222224,260.0,517,483,34.0,,,,global_board,excluded_in_global_mode
484,Aaron Bummer,ATL,RP,134.2,259.9,395,484,-89.0,,,,global_board,excluded_in_global_mode
485,Jacob Webb,CHC,RP,130.568,259.9,442,485,-43.0,,,,global_board,excluded_in_global_mode
486,Randy Vásquez,SD,SP,130.05611111111108,,584,486,98.0,,,,global_board,excluded_in_global_mode
487,Steven Wilson,TB,RP,129.86866666666668,,596,487,109.0,,,,global_board,excluded_in_global_mode
488,Jalen Beeks,ARI,RP,129.74777777777777,259.8,372,488,-116.0,,,,global_board,excluded_in_global_mode
489,Josiah Gray,WSH,SP,128.79066666666668,259.9,461,489,-28.0,,,,global_board,excluded_in_global_mode
490,Tyler Alexander,TEX,RP/SP,128.61522222222226,,599,490,109.0,,,,global_board,excluded_in_global_mode
491,Danny Coulombe,TEX,RP,126.36722222222221,,547,491,56.0,,,,global_board,excluded_in_global_mode
492,Ian Hamilton,ATL,RP,126.076,259.9,439,492,-53.0,,,,global_board,excluded_in_global_mode
493,Enyel De Los Santos,HOU,RP,125.66799999999998,,553,493,60.0,,,,global_board,excluded_in_global_mode
494,José Buttó,SF,RP,124.79200000000003,260.0,520,494,26.0,,,,global_board,excluded_in_global_mode
495,Lance McCullers Jr.,HOU,SP,124.17733333333337,260.0,522,495,27.0,,,,global_board,excluded_in_global_mode
496,Patrick Corbin,TEX,SP,124.13399999999996,,579,496,83.0,,,,global_board,excluded_in_global_mode
497,Kyle Harrison,MIL,SP,123.36488888888891,260.0,521,497,24.0,,,,global_board,excluded_in_global_mode
498,Ryan Fernandez,STL,RP,121.11000000000001,,590,498,92.0,,,,global_board,excluded_in_global_mode
499,Alek Manoah,LAA,SP,120.928,259.9,398,499,-101.0,,,,global_board,excluded_in_global_mode
500,Anthony Kay,CHW,SP,119.89722222222224,259.9,403,500,-97.0,,,,global_board,excluded_in_global_mode
501,Michael Kopech,LAD,RP,118.69111111111113,259.9,473,501,-28.0,,,,global_board,excluded_in_global_mode
502,Tyler Anderson,LAA,SP,118.53655555555554,259.9,497,502,-5.0,,,,global_board,excluded_in_global_mode
503,Hunter Harvey,CHC,RP,117.43566666666666,259.9,438,503,-65.0,,,,global_board,excluded_in_global_mode
504,Colin Rea,CHC,SP,116.94999999999996,259.9,416,504,-88.0,,,,global_board,excluded_in_global_mode
505,Cody Bradford,TEX,SP,116.1118888888889,,540,505,35.0,,,,global_board,excluded_in_global_mode
506,Patrick Sandoval,BOS,SP,115.74644444444442,,580,506,74.0,,,,global_board,excluded_in_global_mode
507,Michael Lorenzen,COL,SP,115.29666666666662,259.8,383,507,-124.0,,,,global_board,excluded_in_global_mode
508,Taijuan Walker,PHI,RP/SP,115.02977777777772,259.8,391,508,-117.0,,,,global_board,excluded_in_global_mode
509,Connelly Early,BOS,SP,114.94711111111113,258.7,300,509,-209.0,,,,global_board,excluded_in_global_mode
510,Wandy Peralta,SD,RP,114.0033333333333,259.9,505,510,-5.0,,,,global_board,excluded_in_global_mode
511,Janson Junk,MIA,SP,113.78288888888886,259.9,447,511,-64.0,,,,global_board,excluded_in_global_mode
512,Ben Brown,CHC,RP/SP,113.74499999999999,259.9,406,512,-106.0,,,,global_board,excluded_in_global_mode
513,Mason Englert,TB,RP,112.67733333333334,,575,513,62.0,,,,global_board,excluded_in_global_mode
514,Tyler Ferguson,ATH,RP,111.04777777777777,259.9,498,514,-16.0,,,,global_board,excluded_in_global_mode
515,Daniel Lynch IV,KC,RP,110.99233333333333,,546,515,31.0,,,,global_board,excluded_in_global_mode
516,Eric Lauer,TOR,RP/SP,108.34444444444443,259.9,426,516,-90.0,,,,global_board,excluded_in_global_mode
517,JP Sears,SD,SP,108.30799999999999,259.9,441,517,-76.0,,,,global_board,excluded_in_global_mode
518,Ryan Yarbrough,NYY,RP/SP,108.17877777777777,259.9,485,518,-33.0,,,,global_board,excluded_in_global_mode
519,Sean Newcomb,CHW,RP/SP,107.49355555555556,259.9,488,519,-31.0,,,,global_board,excluded_in_global_mode
520,DL Hall,MIL,RP,106.73333333333332,,545,520,25.0,,,,global_board,excluded_in_global_mode
521,Jake Irvin,WSH,SP,106.40777777777777,259.9,444,521,-77.0,,,,global_board,excluded_in_global_mode
522,Brent Suter,LAA,RP,105.62133333333335,260.0,511,522,-11.0,,,,global_board,excluded_in_global_mode
523,Gordon Graceffo,STL,RP,104.85611111111113,259.9,432,523,-91.0,,,,global_board,excluded_in_global_mode
524,Jovani Moran,BOS,RP/SP,104.77233333333336,,565,524,41.0,,,,global_board,excluded_in_global_mode
525,Kevin Kelly,TB,RP,104.32366666666667,259.8,375,525,-150.0,,,,global_board,excluded_in_global_mode
526,Brock Stewart,LAD,RP,104.23466666666667,,532,526,6.0,,,,global_board,excluded_in_global_mode
527,Chase Dollander,COL,SP,103.82222222222225,259.9,414,527,-113.0,,,,global_board,excluded_in_global_mode
528,Chad Green,TOR,RP,102.97777777777777,260.0,512,528,-16.0,,,,global_board,excluded_in_global_mode
529,Luke Jackson,DET,RP,102.68288888888888,259.9,469,529,-60.0,,,,global_board,excluded_in_global_mode
530,José Urquidy,PIT,SP,101.86633333333333,,564,530,34.0,,,,global_board,excluded_in_global_mode
531,Yohan Ramírez,PIT,RP,101.78999999999999,260.0,527,531,-4.0,,,,global_board,excluded_in_global_mode
532,Rhett Lowder,CIN,SP,101.57777777777775,259.8,387,532,-145.0,,,,global_board,excluded_in_global_mode
533,Luis Medina,ATH,SP,100.70266666666663,,573,533,40.0,,,,global_board,excluded_in_global_mode
534,Germán Márquez,SD,SP,100.39844444444441,259.9,431,534,-103.0,,,,global_board,excluded_in_global_mode
535,Beau Brieske,DET,RP,98.19733333333332,259.9,405,535,-130.0,,,,global_board,excluded_in_global_mode
536,Caden Dana,LAA,SP,95.8221111111111,,535,536,-1.0,,,,global_board,excluded_in_global_mode
537,Adbert Alzolay,NYM,RP,95.586,260.0,510,537,-27.0,,,,global_board,excluded_in_global_mode
538,Luis Garcia,HOU,SP,91.35899999999998,,571,538,33.0,,,,global_board,excluded_in_global_mode
539,Paul Blackburn,NYY,RP,90.43677777777775,,581,539,42.0,,,,global_board,excluded_in_global_mode
540,Javier Assad,CHC,SP,89.29011111111113,260.0,518,540,-22.0,,,,global_board,excluded_in_global_mode
541,A.J. Puk,ARI,RP,88.88355555555555,259.8,362,541,-179.0,,,,global_board,excluded_in_global_mode
542,Nate Pearson,HOU,RP,88.38311111111113,260.0,523,542,-19.0,,,,global_board,excluded_in_global_mode
543,Griff McGarry,WSH,SP,87.68499999999999,,557,543,14.0,,,,global_board,excluded_in_global_mode
544,Stephen Kolek,KC,SP,87.41566666666668,,595,544,51.0,,,,global_board,excluded_in_global_mode
545,José Leclerc,ATH,RP,86.81722222222221,259.9,462,545,-83.0,,,,global_board,excluded_in_global_mode
546,Erick Fedde,CHW,RP/SP,85.75866666666664,259.9,427,546,-119.0,,,,global_board,excluded_in_global_mode
547,Hurston Waldrep,ATL,SP,84.34222222222222,259.7,352,547,-195.0,,,,global_board,excluded_in_global_mode
548,Chase Silseth,LAA,RP,83.35,,537,548,-11.0,,,,global_board,excluded_in_global_mode
549,Drey Jameson,ARI,RP,83.075,,550,549,1.0,,,,global_board,excluded_in_global_mode
550,Sam Hentges,SF,RP,81.43933333333337,,593,550,43.0,,,,global_board,excluded_in_global_mode
551,Andrew Chafin,MIN,RP,81.13511111111113,,531,551,-20.0,,,,global_board,excluded_in_global_mode
552,Brusdar Graterol,LAD,RP,80.74933333333335,259.9,409,552,-143.0,,,,global_board,excluded_in_global_mode
553,Taylor Clarke,ARI,RP,80.47644444444444,,597,553,44.0,,,,global_board,excluded_in_global_mode
554,Cole Sulser,TB,RP,80.44233333333334,,542,554,-12.0,,,,global_board,excluded_in_global_mode
555,Yerry De Los Santos,NYY,RP,79.78322222222222,,600,555,45.0,,,,global_board,excluded_in_global_mode
556,Marcus Stroman,NYY,SP,79.63955555555559,259.9,470,556,-86.0,,,,global_board,excluded_in_global_mode
557,Ryan Feltner,COL,SP,79.29800000000003,259.9,483,557,-74.0,,,,global_board,excluded_in_global_mode
558,Connor Brogdon,CLE,RP,78.74944444444445,,544,558,-14.0,,,,global_board,excluded_in_global_mode
559,Jon Gray,TEX,RP,76.68444444444444,259.9,453,559,-106.0,,,,global_board,excluded_in_global_mode
560,Charlie Morton,DET,SP,76.511,259.9,413,560,-147.0,,,,global_board,excluded_in_global_mode
561,Dauri Moreta,PIT,RP,74.55711111111111,,548,561,-13.0,,,,global_board,excluded_in_global_mode
562,Hayden Birdsong,SF,RP/SP,73.87777777777778,259.9,435,562,-127.0,,,,global_board,excluded_in_global_mode
563,Alex Lange,KC,RP,73.35000000000002,,530,563,-33.0,,,,global_board,excluded_in_global_mode
564,Evan Phillips,LAD,RP,72.29333333333334,,554,564,-10.0,,,,global_board,excluded_in_global_mode
565,Josh Sborz,TEX,RP,70.9441111111111,259.9,460,565,-105.0,,,,global_board,excluded_in_global_mode
566,Jordan Montgomery,TEX,SP,70.35866666666666,,562,566,-4.0,,,,global_board,excluded_in_global_mode
567,Richard Lovelady,WSH,RP,69.81066666666668,260.0,524,567,-43.0,,,,global_board,excluded_in_global_mode
568,Bryan Hudson,NYM,RP,69.26500000000001,,534,568,-34.0,,,,global_board,excluded_in_global_mode
569,Corbin Burnes,ARI,SP,68.74933333333334,259.0,313,569,-256.0,,,,global_board,excluded_in_global_mode
570,Justin Martinez,ARI,RP,68.70666666666668,259.9,463,570,-107.0,,,,global_board,excluded_in_global_mode
571,Dylan Dodd,ATL,RP,67.852,,551,571,-20.0,,,,global_board,excluded_in_global_mode
572,Ron Marinaccio,SD,RP,67.66444444444444,,588,572,16.0,,,,global_board,excluded_in_global_mode
573,Ryan Brasier,TEX,RP,67.56666666666668,,589,573,16.0,,,,global_board,excluded_in_global_mode
574,Tyler Gilbert,CHW,RP/SP,67.093,260.0,526,574,-48.0,,,,global_board,excluded_in_global_mode
575,Gus Varland,WSH,RP,64.37666666666667,,558,575,-17.0,,,,global_board,excluded_in_global_mode
576,Jose Quintana,COL,SP,63.654666666666614,259.9,458,576,-118.0,,,,global_board,excluded_in_global_mode
577,Jorge López,WSH,RP,61.790000000000006,,563,577,-14.0,,,,global_board,excluded_in_global_mode
578,JT Brubaker,SF,RP,59.34444444444446,,559,578,-19.0,,,,global_board,excluded_in_global_mode
579,Nick Sandlin,LAA,RP,59.28000000000001,,578,579,-1.0,,,,global_board,excluded_in_global_mode
580,Walker Buehler,BOS,SP,57.98299999999999,259.9,504,580,-76.0,,,,global_board,excluded_in_global_mode
581,Joey Lucchesi,SF,RP,57.56555555555555,,560,581,-21.0,,,,global_board,excluded_in_global_mode
582,Reiver Sanmartin,SF,RP,55.782666666666664,,585,582,3.0,,,,global_board,excluded_in_global_mode
583,Alex Cobb,DET,SP,54.25133333333332,,529,583,-54.0,,,,global_board,excluded_in_global_mode
584,Martín Pérez,ATL,SP,53.78200000000001,,574,584,-10.0,,,,global_board,excluded_in_global_mode
585,Craig Kimbrel,NYM,RP,52.69666666666666,259.9,417,585,-168.0,,,,global_board,excluded_in_global_mode
586,Jonathan Loáisiga,ARI,RP,52.45133333333333,260.0,519,586,-67.0,,,,global_board,excluded_in_global_mode
587,Clarke Schmidt,NYY,SP,51.49044444444445,,539,587,-48.0,,,,global_board,excluded_in_global_mode
588,Scott Alexander,COL,RP,51.08222222222223,,594,588,6.0,,,,global_board,excluded_in_global_mode
589,Liam Hendriks,MIN,RP,50.577333333333335,259.9,467,589,-122.0,,,,global_board,excluded_in_global_mode
590,Gavin Stone,LAD,SP,49.73,259.8,369,590,-221.0,,,,global_board,excluded_in_global_mode
591,Prelander Berroa,CHW,RP,49.372444444444454,,582,591,-9.0,,,,global_board,excluded_in_global_mode
592,Konnor Pilkington,DET,RP,48.54700000000001,,567,592,-25.0,,,,global_board,excluded_in_global_mode
593,Kyle Wright,CHC,SP,45.387666666666675,,570,593,-23.0,,,,global_board,excluded_in_global_mode
594,Kyle Hart,SD,RP/SP,44.704,,569,594,-25.0,,,,global_board,excluded_in_global_mode
595,Rafael Montero,NYY,RP,44.508444444444436,,583,595,-12.0,,,,global_board,excluded_in_global_mode
596,Trent Thornton,CHC,RP,43.843888888888884,,598,596,2.0,,,,global_board,excluded_in_global_mode
597,Colin Poche,WSH,RP,42.503888888888895,,543,597,-54.0,,,,global_board,excluded_in_global_mode
598,Easton McGee,MIL,RP,41.623777777777775,,552,598,-46.0,,,,global_board,excluded_in_global_mode
599,Gregory Santos,SF,RP,41.51255555555555,,556,599,-43.0,,,,global_board,excluded_in_global_mode
600,Félix Bautista,BAL,RP,29.40533333333333,259.9,429,600,-171.0,,,,global_board,excluded_in_global_mode
