ADP,PLAYER,POS,TEAM,GP,AB,R,HR,RBI,TB,SB,AVG,OBP,SLG,IP,W,L,QS,SV,HLD,K,ERA,WHIP,K/9,K/BB
1.4,Shohei Ohtani,"DH,SP",LAD,148,558.4,121.1,47.6,118.6,339,25.5,0.285(159.2/558.4),0.375(241.3/644.1),0.607(339.0/558.4),110.2,8.6,5.3,6.8,0,0,131.2,3.47,1.15,10.7,3.4
5.8,Tarik Skubal,SP,DET,29,,,,,,,(/),(0.0/0.0),(/),192.3,14.8,7.8,15.5,0,0,232.2,2.81,0.96,10.9,6
4.9,Paul Skenes,SP,PIT,30,,,,,,,(/),(0.0/0.0),(/),187.5,14.2,8.1,14.5,0,0,219.6,2.81,1.01,10.5,4.8
9.3,Garrett Crochet,SP,BOS,28,,,,,,,(/),(0.0/0.0),(/),181.7,13.4,8.1,14.5,0,0,220.3,3.15,1.05,10.9,5
2.3,Aaron Judge,"OF,DH",NYY,144,518.4,105.8,49.7,119.7,324.7,7.8,0.287(148.8/518.4),0.396(244.7/618.5),0.626(324.7/518.4),,,,,,,,,,,
27.1,Bryan Woo,SP,SEA,29,,,,,,,(/),(0.0/0.0),(/),185.2,13.5,8.4,14.8,0,0,187.9,3.3,1,9.1,5.4
26,Logan Webb,SP,SF,30,,,,,,,(/),(0.0/0.0),(/),196.8,13.8,9.1,16.5,0,0,188,3.37,1.16,8.6,4.1
24.2,Cristopher Sánchez,SP,PHI,29,,,,,,,(/),(0.0/0.0),(/),190.4,14,8.2,15.7,0,0,185.6,3.29,1.14,8.8,4
22.4,Logan Gilbert,SP,SEA,28,,,,,,,(/),(0.0/0.0),(/),165.5,11.8,8.2,12.4,0,0,194.2,3.41,1.04,10.6,5.2
79.2,Dylan Cease,SP,TOR,29,,,,,,,(/),(0.0/0.0),(/),175.3,12,9.1,13.3,0,0,211,3.73,1.17,10.8,3.3
33.1,Hunter Brown,SP,HOU,29,,,,,,,(/),(0.0/0.0),(/),182.5,12.4,9.3,14.5,0,0,197.5,3.57,1.17,9.7,3.2
58,Jesús Luzardo,SP,PHI,29,,,,,,,(/),(0.0/0.0),(/),175.7,12,9,13.7,0,0,196.3,3.74,1.18,10.1,3.6
4.7,Juan Soto,OF,NYM,153,545.3,107,38.1,99.1,288.9,16.6,0.270(147.5/545.3),0.396(263.2/664.9),0.530(288.9/545.3),,,,,,,,,,,
7.1,Bobby Witt Jr.,SS,KC,151,598.9,104.1,31.1,96.4,314.5,36.9,0.292(174.7/598.9),0.343(224.0/653.9),0.525(314.5/598.9),,,,,,,,,,,
14.5,Yoshinobu Yamamoto,SP,LAD,26,,,,,,,(/),(0.0/0.0),(/),160.8,13.1,6.2,12.4,0,0,175.3,3.26,1.12,9.8,3.6
30.4,Max Fried,SP,NYY,28,,,,,,,(/),(0.0/0.0),(/),180.5,13.5,7.8,14.5,0,0,169.3,3.29,1.15,8.4,3
59.1,Cole Ragans,SP,KC,26,,,,,,,(/),(0.0/0.0),(/),152.6,10.7,7.8,11.3,0,0,191.5,3.36,1.13,11.3,3.6
58.7,Joe Ryan,SP,MIN,27,,,,,,,(/),(0.0/0.0),(/),167.9,10.6,9.4,13.1,0,0,184.8,3.76,1.06,9.9,4.8
37.6,Chris Sale,SP,ATL,25,,,,,,,(/),(0.0/0.0),(/),155.6,10.8,7.6,12.4,0,0,191.6,3.64,1.13,11.1,4.4
43.2,Hunter Greene,SP,CIN,27,,,,,,,(/),(0.0/0.0),(/),167.6,10.3,9.7,13.2,0,0,198.6,3.94,1.13,10.7,3.8
38.5,Freddy Peralta,SP,NYM,28,,,,,,,(/),(0.0/0.0),(/),166.6,11.3,8.9,12.4,0,0,183.8,3.72,1.16,9.9,3
65.3,George Kirby,SP,SEA,28,,,,,,,(/),(0.0/0.0),(/),165.9,11.4,8.6,12.6,0,0,160.5,3.65,1.09,8.7,5
47.2,Framber Valdez,SP,DET,28,,,,,,,(/),(0.0/0.0),(/),186.9,12.4,9.2,15.8,0,0,169.4,3.64,1.24,8.2,2.7
84.5,Kevin Gausman,SP,TOR,29,,,,,,,(/),(0.0/0.0),(/),181.7,11.2,10.1,15.1,0,0,174.8,4.41,1.24,8.7,3.2
96.3,Sonny Gray,SP,BOS,28,,,,,,,(/),(0.0/0.0),(/),169.1,10.8,9.4,13.3,0,0,173.4,3.98,1.18,9.2,3.8
53.5,Jacob deGrom,SP,TEX,25,,,,,,,(/),(0.0/0.0),(/),154.8,10.2,8.3,12.1,0,0,169.6,3.69,1.05,9.9,4.3
77,Nick Pivetta,SP,SD,27,,,,,,,(/),(0.0/0.0),(/),169,10.5,9.5,13.5,0,0,176.4,4.13,1.17,9.4,3.6
162.9,MacKenzie Gore,SP,TEX,28,,,,,,,(/),(0.0/0.0),(/),159.8,9.9,9.7,11.7,0,0,182.5,4.01,1.24,10.3,3.1
10.7,Ronald Acuña Jr.,OF,ATL,143,534.5,102.2,29.3,83.7,267.8,26.3,0.278(148.7/534.5),0.377(235.8/625.4),0.501(267.8/534.5),,,,,,,,,,,
189.3,Jack Flaherty,SP,DET,27,,,,,,,(/),(0.0/0.0),(/),159,9.8,9.6,11.8,0,0,176.1,4.06,1.2,10,3.6
95.9,Spencer Strider,SP,ATL,25,,,,,,,(/),(0.0/0.0),(/),152.8,9.8,8.6,11.9,0,0,179.7,4.14,1.22,10.6,3.6
111.9,Luis Castillo,SP,SEA,29,,,,,,,(/),(0.0/0.0),(/),176.6,11.1,9.8,14.2,0,0,160.7,4.18,1.2,8.2,3.2
154.8,Tanner Bibee,SP,CLE,29,,,,,,,(/),(0.0/0.0),(/),179,10.4,10.7,14.4,0,0,161,4.01,1.19,8.1,3.2
16.1,Vladimir Guerrero Jr.,"1B,DH",TOR,152,578.7,97.3,31.6,97.7,301,5.8,0.299(173.1/578.7),0.374(245.1/654.9),0.520(301.0/578.7),,,,,,,,,,,
190.8,Robbie Ray,SP,SF,28,,,,,,,(/),(0.0/0.0),(/),171.4,9.6,10.8,13.7,0,0,184.2,4.59,1.32,9.7,2.6
39.7,Mason Miller,RP,SD,59,,,,,,,(/),(0.0/0.0),(/),64.6,2.9,1.6,0,39,2,95.7,2.63,0.97,13.3,4.2
223.5,Aaron Nola,SP,PHI,27,,,,,,,(/),(0.0/0.0),(/),168,10.5,9.5,13.5,0,0,162.1,4.31,1.23,8.7,3.4
96,Zack Wheeler,SP,PHI,21,,,,,,,(/),(0.0/0.0),(/),132.6,9.7,5.9,10.7,0,0,155,3.31,1.07,10.5,4.1
114.7,Nathan Eovaldi,SP,TEX,25,,,,,,,(/),(0.0/0.0),(/),155,10.1,8.2,12.5,0,0,150.5,3.79,1.14,8.7,3.7
153.5,Ranger Suárez,SP,BOS,27,,,,,,,(/),(0.0/0.0),(/),166,11.1,8.6,13.2,0,0,143.1,3.71,1.21,7.8,3.1
153.6,Zac Gallen,SP,ARI,29,,,,,,,(/),(0.0/0.0),(/),178.5,10.4,10.7,14.6,0,0,159.6,4.51,1.31,8,2.6
126.8,Brandon Woodruff,SP,MIL,24,,,,,,,(/),(0.0/0.0),(/),143.8,9.4,8.1,10.6,0,0,151.8,3.71,1.09,9.5,3.9
14.9,Fernando Tatis Jr.,OF,SD,148,564.9,99.3,29.2,85.2,277.5,23.2,0.273(154.2/564.9),0.353(226.8/641.7),0.491(277.5/564.9),,,,,,,,,,,
124.1,Ryan Pepiot,SP,TB,29,,,,,,,(/),(0.0/0.0),(/),168.9,9.3,11.4,12.7,0,0,166.2,4.51,1.27,8.9,2.7
189.4,Matthew Boyd,SP,CHC,26,,,,,,,(/),(0.0/0.0),(/),158.8,10.5,8.6,12.2,0,0,145.2,3.9,1.16,8.2,3.3
190.4,Shota Imanaga,SP,CHC,25,,,,,,,(/),(0.0/0.0),(/),155,9.8,8.6,12.4,0,0,144.3,4.19,1.13,8.4,4.1
21.8,Kyle Schwarber,DH,PHI,149,548.6,94.4,40.8,107,271.9,5.8,0.231(126.6/548.6),0.349(227.7/652.9),0.496(271.9/548.6),,,,,,,,,,,
254.6,Mitch Keller,SP,PIT,29,,,,,,,(/),(0.0/0.0),(/),177.2,9.7,11.4,14.3,0,0,152.3,4.72,1.33,7.7,2.8
253,Yusei Kikuchi,SP,LAA,29,,,,,,,(/),(0.0/0.0),(/),169.6,8.7,11.9,13.2,0,0,164.9,4.79,1.35,8.7,2.8
52.7,Cade Smith,RP,CLE,66,,,,,,,(/),(0.0/0.0),(/),69.1,2.7,1.9,0,40,3,87.9,3.09,1.08,11.5,4.1
166.8,Michael King,SP,SD,27,,,,,,,(/),(0.0/0.0),(/),154.6,9.8,9.1,11.4,0,0,154.1,4,1.24,9,2.9
226.5,Merrill Kelly,SP,ARI,28,,,,,,,(/),(0.0/0.0),(/),170,10,10.1,13.8,0,0,145.7,4.43,1.26,7.7,2.9
166.6,Gavin Williams,SP,CLE,28,,,,,,,(/),(0.0/0.0),(/),163.7,9.3,10.7,12.3,0,0,165.1,4.18,1.31,9.1,2.3
36.5,Yordan Alvarez,"OF,DH",HOU,129,470.6,83.3,33,91.3,265.9,3.5,0.292(137.3/470.6),0.377(204.8/543.2),0.565(265.9/470.6),,,,,,,,,,,
142.6,Eury Pérez,SP,MIA,26,,,,,,,(/),(0.0/0.0),(/),143.3,8.3,9.8,9.6,0,0,156,3.88,1.14,9.8,3.4
24.5,Julio Rodríguez,OF,SEA,151,597.6,95.4,28.1,87.3,285.6,25.5,0.273(163.4/597.6),0.331(216.6/654.7),0.478(285.6/597.6),,,,,,,,,,,
19.8,Corbin Carroll,OF,ARI,138,525.2,96.4,25.6,76.9,256.4,34.1,0.260(136.6/525.2),0.343(205.0/597.5),0.488(256.4/525.2),,,,,,,,,,,
127.4,Chase Burns,SP,CIN,29,,,,,,,(/),(0.0/0.0),(/),133.9,8.1,9.5,6,0,0,157.8,3.87,1.15,10.6,3.9
11.8,Kyle Tucker,OF,LAD,142,528.5,95.4,28.6,86.2,261.4,17.4,0.269(142.3/528.5),0.361(220.9/612.2),0.495(261.4/528.5),,,,,,,,,,,
74.8,Blake Snell,SP,LAD,22,,,,,,,(/),(0.0/0.0),(/),130,9.7,6,9.8,0,0,154.9,3.82,1.23,10.7,3
196.9,Sandy Alcantara,SP,MIA,28,,,,,,,(/),(0.0/0.0),(/),176.4,9.9,10.8,14.5,0,0,137,4.14,1.24,7,2.7
167.6,Nick Lodolo,SP,CIN,26,,,,,,,(/),(0.0/0.0),(/),149.1,8.7,9.5,11,0,0,149.3,4.18,1.21,9,3.7
259.7,Brandon Pfaadt,SP,ARI,28,,,,,,,(/),(0.0/0.0),(/),163.7,9.2,10.5,13,0,0,138.8,4.72,1.28,7.6,3.7
6.1,José Ramírez,"3B,DH",CLE,150,575.8,91.2,26.2,83.8,273.3,34,0.270(155.6/575.8),0.327(207.2/633.4),0.475(273.3/575.8),,,,,,,,,,,
250.4,Bailey Ober,SP,MIN,27,,,,,,,(/),(0.0/0.0),(/),159.7,9,10.4,12.3,0,0,141.1,4.45,1.2,8,3.4
192.2,Trey Yesavage,SP,TOR,29,,,,,,,(/),(0.0/0.0),(/),136.1,9.1,8.6,6.2,0,0,153.3,3.85,1.18,10.1,3.1
173.9,Emmet Sheehan,SP,LAD,33,,,,,,,(/),(0.0/0.0),(/),133.4,8.7,7.1,3,0,0,155.9,3.81,1.15,10.5,3.4
212,Carlos Rodón,SP,NYY,24,,,,,,,(/),(0.0/0.0),(/),145.8,9.4,8,11.5,0,0,152.3,4.19,1.22,9.4,2.8
207.1,Andrew Abbott,SP,CIN,27,,,,,,,(/),(0.0/0.0),(/),163.7,9.2,10.3,13,0,0,145.1,4.44,1.25,8,2.8
126.9,Tyler Glasnow,SP,LAD,22,,,,,,,(/),(0.0/0.0),(/),132.5,9.7,6.3,10,0,0,150.1,3.97,1.19,10.2,3.2
256,Brady Singer,SP,CIN,29,,,,,,,(/),(0.0/0.0),(/),168,9,11.4,13,0,0,150.9,4.77,1.34,8.1,2.7
256.3,Jack Leiter,SP,TEX,29,,,,,,,(/),(0.0/0.0),(/),162.9,9.3,10.7,12,0,0,153.7,4.52,1.29,8.5,2.4
49.6,Brent Rooker,"OF,DH",ATH,149,567.5,89.8,34.1,94.6,287.9,6.7,0.266(151.1/567.5),0.340(216.5/637.3),0.507(287.9/567.5),,,,,,,,,,,
257.9,Quinn Priester,SP,MIL,28,,,,,,,(/),(0.0/0.0),(/),166.4,10.2,9.7,12.9,0,0,131.5,4.07,1.24,7.1,2.8
256.8,Chris Bassitt,SP,BAL,32,,,,,,,(/),(0.0/0.0),(/),168.5,10.6,11.3,10.7,0,0,144,4.6,1.33,7.7,2.4
247.9,Shane Baz,SP,BAL,26,,,,,,,(/),(0.0/0.0),(/),151.7,9.7,8.9,11.2,0,0,146.9,4.16,1.24,8.7,2.7
154.6,Nolan McLean,SP,NYM,25,,,,,,,(/),(0.0/0.0),(/),152.2,10.1,8.2,11.7,0,0,141.6,3.92,1.25,8.4,2.6
233.8,Tatsuya Imai,SP,HOU,26,,,,,,,(/),(0.0/0.0),(/),155,9.1,9.6,12.1,0,0,156.2,4.43,1.32,9.1,2.4
42.1,Edwin Díaz,RP,LAD,63,,,,,,,(/),(0.0/0.0),(/),65.7,3.5,1.4,0,38,0,89.2,3.52,1.11,12.2,4.1
172.8,Drew Rasmussen,SP,TB,28,,,,,,,(/),(0.0/0.0),(/),153.6,9.2,10.1,10.4,0,0,132.5,3.95,1.19,7.8,3.3
108.3,Kyle Bradish,SP,BAL,24,,,,,,,(/),(0.0/0.0),(/),134,9.1,7.5,9.4,0,0,142.3,3.76,1.2,9.6,3.2
130.1,Jacob Misiorowski,SP,MIL,32,,,,,,,(/),(0.0/0.0),(/),139.2,8.5,9.7,5.6,0,0,159.4,4.06,1.29,10.3,2.4
258.1,Shane Smith,SP,CHW,27,,,,,,,(/),(0.0/0.0),(/),156.4,8.4,10.8,11.6,0,0,146.4,4.51,1.29,8.4,2.7
258.2,Ryne Nelson,"RP,SP",ARI,31,,,,,,,(/),(0.0/0.0),(/),159.2,9.3,10.8,9.3,0,0,131.6,4.48,1.26,7.4,3.2
15.3,Ketel Marte,"2B,DH",ARI,140,537,86.3,29.3,95.4,271,4.9,0.276(148.4/537.0),0.356(217.3/610.2),0.505(271.0/537.0),,,,,,,,,,,
257.9,José Soriano,SP,LAA,29,,,,,,,(/),(0.0/0.0),(/),168.3,9.9,10.7,12.5,0,0,143,3.99,1.36,7.7,2.1
259,David Peterson,SP,NYM,27,,,,,,,(/),(0.0/0.0),(/),160.3,10,9.4,12.4,0,0,140.2,4.3,1.38,7.9,2.4
52.5,Andrés Muñoz,RP,SEA,60,,,,,,,(/),(0.0/0.0),(/),61.7,2.6,1.7,0,37,0,74.3,2.97,1.07,10.8,3.6
20.3,Junior Caminero,3B,TB,147,579.6,81.1,35.7,104.2,290.8,4.8,0.268(155.4/579.6),0.317(198.9/628.2),0.502(290.8/579.6),,,,,,,,,,,
52.8,Pete Alonso,1B,BAL,152,574,87.2,37.1,99.1,281.6,2.6,0.251(144.0/574.0),0.331(214.9/649.9),0.491(281.6/574.0),,,,,,,,,,,
236.8,Edward Cabrera,SP,CHC,24,,,,,,,(/),(0.0/0.0),(/),135.7,8.8,7.9,9.6,0,0,142.2,3.99,1.22,9.4,2.7
259.8,Jeffrey Springs,SP,ATH,28,,,,,,,(/),(0.0/0.0),(/),164.3,8.7,11.3,12.9,0,0,140,5.07,1.37,7.7,2.5
84.6,David Bednar,RP,NYY,62,,,,,,,(/),(0.0/0.0),(/),63.6,3.4,1.7,0,37,3,74.5,3.46,1.09,10.5,4
257.6,Michael Wacha,SP,KC,27,,,,,,,(/),(0.0/0.0),(/),165.8,9.6,10.1,13.3,0,0,123.4,4.49,1.28,6.7,2.5
259.5,Jameson Taillon,SP,CHC,26,,,,,,,(/),(0.0/0.0),(/),156.5,9.4,9.3,12.4,0,0,117.2,4.47,1.21,6.7,3.1
259.7,Luis Severino,SP,ATH,29,,,,,,,(/),(0.0/0.0),(/),174.8,9.3,11.3,14.5,0,0,132.2,5.01,1.38,6.8,2.3
56.6,Jhoan Duran,RP,PHI,65,,,,,,,(/),(0.0/0.0),(/),66.4,2.7,1.6,0,37,2,70.2,3.23,1.12,9.5,4.1
24.9,Gunnar Henderson,SS,BAL,152,581.1,93.7,24.7,79.8,269.6,20.4,0.268(155.5/581.1),0.341(222.7/653.7),0.464(269.6/581.1),,,,,,,,,,,
248.9,Joe Musgrove,SP,SD,23,,,,,,,(/),(0.0/0.0),(/),138,8.5,8.2,10.6,0,0,128.7,4.2,1.2,8.4,3.5
83.2,Devin Williams,RP,NYM,63,,,,,,,(/),(0.0/0.0),(/),64.2,3.5,1.8,0,28,7,84.2,3.14,1.12,11.8,3.2
197.6,Trevor Rogers,SP,BAL,25,,,,,,,(/),(0.0/0.0),(/),146.2,9.2,8.4,11.2,0,0,130.1,4.23,1.28,8,2.7
11.3,Cal Raleigh,"C,DH",SEA,150,540.6,82.2,39.1,103.5,262.8,7.3,0.224(121.3/540.6),0.315(194.8/618.5),0.486(262.8/540.6),,,,,,,,,,,
232.3,Kris Bubic,SP,KC,29,,,,,,,(/),(0.0/0.0),(/),134.5,8.2,8.7,6.1,0,0,132.3,3.89,1.24,8.8,3.1
253.4,Bryce Miller,SP,SEA,25,,,,,,,(/),(0.0/0.0),(/),144.4,8.8,8.8,10.9,0,0,124.8,4.4,1.22,7.8,2.9
70.1,Aroldis Chapman,RP,BOS,57,,,,,,,(/),(0.0/0.0),(/),57.2,3,1.8,0,35,2,77.3,3.34,1.21,12.2,2.6
75.3,Bryce Harper,1B,PHI,140,521.9,84.4,25.9,85.5,252.9,10.3,0.273(142.5/521.9),0.358(214.2/597.9),0.485(252.9/521.9),,,,,,,,,,,
121.3,Josh Hader,RP,HOU,53,,,,,,,(/),(0.0/0.0),(/),56.1,2.6,1.5,0,35,0,76.7,3.42,1.07,12.3,3.6
254.3,Noah Cameron,SP,KC,25,,,,,,,(/),(0.0/0.0),(/),146.8,8.6,9.1,11.4,0,0,127.6,4.45,1.3,7.8,2.7
256.3,Brayan Bello,SP,BOS,27,,,,,,,(/),(0.0/0.0),(/),160.2,9.6,9.8,12.3,0,0,124,4.35,1.34,7,2.2
61.7,Nick Kurtz,1B,ATH,142,496.8,83.8,33.6,87.9,253.4,3.2,0.251(124.8/496.8),0.343(196.4/572.2),0.510(253.4/496.8),,,,,,,,,,,
256.9,Seth Lugo,SP,KC,26,,,,,,,(/),(0.0/0.0),(/),156.1,8.6,10,12.7,0,0,127.3,4.84,1.35,7.3,2.5
258.6,Casey Mize,SP,DET,26,,,,,,,(/),(0.0/0.0),(/),143,8.5,9.2,10.2,0,0,118,4.24,1.22,7.4,3.1
258.7,Reid Detmers,RP,LAA,33,,,,,,,(/),(0.0/0.0),(/),133.4,6.1,10,3.4,0,0,148.6,4.44,1.28,10,3.1
238.4,Bubba Chandler,SP,PIT,30,,,,,,,(/),(0.0/0.0),(/),140.5,8.3,9.9,6.9,0,0,130.5,4.25,1.28,8.4,2.8
259.8,Zack Littell,SP,CIN,25,,,,,,,(/),(0.0/0.0),(/),139,9.3,10.3,9.9,0,0,107.2,4.44,1.21,6.9,3.6
93.2,Rafael Devers,"1B,DH",SF,151,563.1,86.1,32,93.6,266.3,2.1,0.252(141.7/563.1),0.341(220.5/645.9),0.473(266.3/563.1),,,,,,,,,,,
185.6,Griffin Jax,RP,TB,64,,,,,,,(/),(0.0/0.0),(/),65.8,2.9,1.9,0,25,20,79.9,3.45,1.1,10.9,4.8
259.4,Sean Manaea,SP,NYM,32,,,,,,,(/),(0.0/0.0),(/),130.7,7.3,8.5,3.1,0,0,137.6,4.14,1.22,9.5,3.1
34,Elly De La Cruz,SS,CIN,147,570.3,90.9,21.4,69.1,247.4,40.3,0.256(145.8/570.3),0.320(201.3/629.8),0.434(247.4/570.3),,,,,,,,,,,
259.8,Matthew Liberatore,SP,STL,26,,,,,,,(/),(0.0/0.0),(/),146.9,7.6,10.7,10.7,0,0,117.2,4.61,1.3,7.2,2.8
259.6,Zach Eflin,SP,BAL,28,,,,,,,(/),(0.0/0.0),(/),140.6,8.7,9.4,7.7,0,0,101.9,4.51,1.23,6.5,3.7
259.8,Mike Burrows,SP,HOU,28,,,,,,,(/),(0.0/0.0),(/),126.2,7.5,9.2,5.3,0,0,126.2,4.32,1.23,9,3.1
257.4,Clay Holmes,SP,NYM,27,,,,,,,(/),(0.0/0.0),(/),144.1,10.5,9.7,9.1,0,0,109.6,4.06,1.33,6.8,2.1
253.1,Shane McClanahan,SP,TB,20,,,,,,,(/),(0.0/0.0),(/),117.8,7,7.2,9,0,0,122.9,4.03,1.22,9.4,3.7
171,Daniel Palencia,RP,CHC,62,,,,,,,(/),(0.0/0.0),(/),64.8,2.8,1.8,0,32,4,74.3,3.61,1.2,10.3,2.8
259.1,Grayson Rodriguez,SP,LAA,20,,,,,,,(/),(0.0/0.0),(/),118.9,6.9,7.7,8.8,0,0,123.7,4.05,1.23,9.4,3.4
203.4,Zach Neto,SS,LAA,147,567.3,85.2,26.4,75.6,253.2,26.8,0.249(141.0/567.3),0.315(197.7/627.8),0.446(253.2/567.3),,,,,,,,,,,
260,Zebby Matthews,SP,MIN,31,,,,,,,(/),(0.0/0.0),(/),126.5,6.5,9.2,3.3,0,0,123,4.3,1.22,8.8,4.1
259.9,Taj Bradley,SP,MIN,30,,,,,,,(/),(0.0/0.0),(/),135,7.4,9.6,5.3,0,0,124.8,4.28,1.27,8.3,2.7
132.3,Trevor Megill,RP,MIL,61,,,,,,,(/),(0.0/0.0),(/),64,2.8,2,0,35,0,75.8,4.22,1.23,10.7,3.6
104.4,Wyatt Langford,OF,TEX,142,532.7,86.4,24.9,74.1,241.5,19.6,0.250(133.3/532.7),0.339(206.6/609.7),0.453(241.5/532.7),,,,,,,,,,,
27.4,Francisco Lindor,SS,NYM,140,544.6,84.9,24.9,76.5,244.6,21.5,0.257(139.7/544.6),0.330(201.5/610.9),0.449(244.6/544.6),,,,,,,,,,,
258.3,Joey Cantillo,"RP,SP",CLE,39,,,,,,,(/),(0.0/0.0),(/),126,5.4,8.3,0.9,0,0,136.4,3.75,1.26,9.7,2.6
259.8,Kyle Freeland,SP,COL,27,,,,,,,(/),(0.0/0.0),(/),159.8,7.4,11.9,13,0,0,113,5.62,1.47,6.4,2.7
259.9,Sean Burke,SP,CHW,25,,,,,,,(/),(0.0/0.0),(/),142.1,7,10.7,10.7,0,0,132.4,5.08,1.38,8.4,2.2
259.9,Simeon Woods Richardson,SP,MIN,29,,,,,,,(/),(0.0/0.0),(/),134,7.8,10.1,6.5,0,0,119.9,4.45,1.28,8.1,2.5
82.2,Trea Turner,SS,PHI,143,572.1,85.6,17.3,74.1,252.9,25.4,0.284(162.2/572.1),0.333(206.8/620.8),0.442(252.9/572.1),,,,,,,,,,,
74.6,Austin Riley,3B,ATL,145,562.5,82.6,29.5,90.5,268,2.5,0.259(145.6/562.5),0.323(201.4/623.2),0.476(268.0/562.5),,,,,,,,,,,
259.1,Reynaldo López,SP,ATL,28,,,,,,,(/),(0.0/0.0),(/),125.6,7.1,8.4,5.3,0,0,126.6,4.52,1.31,9.1,2.8
47,Jackson Chourio,OF,MIL,144,579.2,81,21.4,81.5,259,24.6,0.269(155.8/579.2),0.316(197.4/625.3),0.447(259.0/579.2),,,,,,,,,,,
107.2,Seiya Suzuki,"OF,DH",CHC,140,528.4,82.3,27.2,83.6,246.6,10.1,0.255(134.5/528.4),0.335(201.2/600.1),0.467(246.6/528.4),,,,,,,,,,,
231.1,Cade Horton,SP,CHC,22,,,,,,,(/),(0.0/0.0),(/),126.6,8.1,7.6,9,0,0,108.2,4.09,1.2,7.7,2.8
75.1,George Springer,"OF,DH",TOR,131,498.7,81.6,26.6,76.4,237.2,12.2,0.263(131.1/498.7),0.342(192.6/564.0),0.475(237.2/498.7),,,,,,,,,,,
259.8,Lucas Giolito,SP,BOS,23,,,,,,,(/),(0.0/0.0),(/),125.6,8.4,9.8,8.9,0,0,116.1,4.57,1.31,8.3,2.5
258.7,Logan Henderson,SP,MIL,32,,,,,,,(/),(0.0/0.0),(/),111.1,5.9,7.1,2.4,0,0,120.5,3.99,1.11,9.8,4.2
99,James Wood,"OF,DH",WSH,145,550,82.1,22.7,78.1,242.8,17.4,0.258(141.8/550.0),0.342(213.7/625.0),0.441(242.8/550.0),,,,,,,,,,,
259.1,Ryan Weathers,SP,NYY,33,,,,,,,(/),(0.0/0.0),(/),126.4,7.2,8.1,3,0,0,117.9,4.2,1.25,8.4,2.9
118,Corey Seager,SS,TEX,123,453.9,70.7,27.8,83.2,233.3,1.7,0.275(125.1/453.9),0.352(180.8/513.9),0.514(233.3/453.9),,,,,,,,,,,
259.6,Dustin May,SP,STL,29,,,,,,,(/),(0.0/0.0),(/),137.6,7.2,10.2,6.8,0,0,116.8,4.48,1.31,7.6,2.4
147.1,Emilio Pagán,RP,CIN,62,,,,,,,(/),(0.0/0.0),(/),64.8,2.6,2.1,0,32,3,70.9,4.34,1.18,9.8,3.4
259.9,Cristian Javier,SP,HOU,25,,,,,,,(/),(0.0/0.0),(/),137.9,7.5,9.6,10.2,0,0,122.1,4.87,1.33,8,2
188.7,Gerrit Cole,SP,NYY,18,,,,,,,(/),(0.0/0.0),(/),109.5,7.2,5.8,8.7,0,0,108.4,4.06,1.16,8.9,3.5
259.9,Eduardo Rodriguez,SP,ARI,26,,,,,,,(/),(0.0/0.0),(/),132.3,7.7,9.6,7.9,0,0,115.8,4.7,1.38,7.9,2.4
54.9,Jazz Chisholm Jr.,"3B,2B",NYY,141,524.6,85.5,26.9,68.6,229.3,31.5,0.233(122.5/524.6),0.309(181.6/587.8),0.437(229.3/524.6),,,,,,,,,,,
204,Yandy Díaz,"1B,DH",TB,141,548.9,76.8,23,84.4,251.5,2.1,0.286(156.9/548.9),0.354(216.7/612.2),0.458(251.5/548.9),,,,,,,,,,,
104,Raisel Iglesias,RP,ATL,61,,,,,,,(/),(0.0/0.0),(/),63.8,2.5,1.6,0,31,2,65,3.93,1.14,9.2,4.6
81.9,Freddie Freeman,1B,LAD,142,541.7,82.9,22.2,81.6,246.2,8,0.270(146.5/541.7),0.343(208.8/609.1),0.454(246.2/541.7),,,,,,,,,,,
259.9,Dean Kremer,SP,BAL,32,,,,,,,(/),(0.0/0.0),(/),134,7,8.7,3.6,0,0,112.7,4.43,1.27,7.6,2.7
259.9,Tyler Mahle,SP,SF,23,,,,,,,(/),(0.0/0.0),(/),130.5,7.5,8.4,9.8,0,0,105.4,4.44,1.3,7.3,2.6
26.1,Manny Machado,3B,SD,145,563.9,78.6,27.9,85.7,257.9,8.2,0.261(147.2/563.9),0.318(196.8/619.2),0.457(257.9/563.9),,,,,,,,,,,
60.9,Jarren Duran,OF,BOS,139,545.7,82.4,19,70.6,241.1,24.6,0.262(143.0/545.7),0.329(199.2/605.3),0.442(241.1/545.7),,,,,,,,,,,
122.7,Carlos Estévez,RP,KC,62,,,,,,,(/),(0.0/0.0),(/),64.7,2.6,2.1,0,37,0,56.7,4.48,1.26,7.9,2.9
259.9,Davis Martin,SP,CHW,26,,,,,,,(/),(0.0/0.0),(/),151.8,7.2,11.3,11.9,0,0,111.1,5.24,1.42,6.6,2
259.8,Max Meyer,SP,MIA,26,,,,,,,(/),(0.0/0.0),(/),124.9,6.7,9.6,6.2,0,0,110.6,4.41,1.3,8,2.8
161.4,Willy Adames,SS,SF,151,568.6,84.9,29,84.1,251.3,10.7,0.235(133.4/568.6),0.317(204.3/644.4),0.442(251.3/568.6),,,,,,,,,,,
118.8,Randy Arozarena,OF,SEA,152,566.4,88.1,24.1,74.1,234.1,23.8,0.232(131.6/566.4),0.327(213.3/652.1),0.413(234.1/566.4),,,,,,,,,,,
259.8,Grant Holmes,SP,ATL,29,,,,,,,(/),(0.0/0.0),(/),118.1,5.8,7.5,2.9,0,0,121.7,4.52,1.32,9.3,2.9
253,Kodai Senga,SP,NYM,28,,,,,,,(/),(0.0/0.0),(/),119.9,7,7.9,3.8,0,0,119.4,4.21,1.33,9,2.2
259.9,Cade Cavalli,SP,WSH,23,,,,,,,(/),(0.0/0.0),(/),132.6,6.8,9.7,9.7,0,0,107.2,4.45,1.33,7.3,2.3
149.2,Pete Fairbanks,RP,MIA,60,,,,,,,(/),(0.0/0.0),(/),62.9,2.4,1.8,0,31,0,62.3,3.78,1.21,8.9,3
259.9,Braxton Garrett,SP,MIA,26,,,,,,,(/),(0.0/0.0),(/),115.2,6,8.5,4.5,0,0,104.1,4.14,1.23,8.1,3.9
202.3,Abner Uribe,RP,MIL,67,,,,,,,(/),(0.0/0.0),(/),68.6,3.4,1.8,0,9,28,75.9,3.02,1.19,10,2.5
181.2,Oneil Cruz,OF,PIT,126,468.5,77.5,24.3,68.8,215,24.9,0.244(114.2/468.5),0.320(167.9/525.3),0.459(215.0/468.5),,,,,,,,,,,
259,Nick Martinez,"RP,SP",TB,37,,,,,,,(/),(0.0/0.0),(/),139.3,6.2,9.6,3.2,0,0,103,4.79,1.29,6.7,3
159.8,Ryan Helsley,RP,BAL,60,,,,,,,(/),(0.0/0.0),(/),63.4,2.9,1.9,0,28,0,64.7,3.82,1.18,9.2,3.1
132.7,Byron Buxton,OF,MIN,120,465.9,74.3,26.7,73.6,228.2,14.3,0.250(116.3/465.9),0.317(163.9/516.9),0.490(228.2/465.9),,,,,,,,,,,
259.9,Adrian Houser,SP,SF,25,,,,,,,(/),(0.0/0.0),(/),142,8,9.3,10.8,0,0,99.2,4.59,1.38,6.3,2
141.3,Matt Chapman,3B,SF,145,531.7,83,27,77.7,239.8,8.5,0.240(127.4/531.7),0.330(201.7/610.7),0.451(239.8/531.7),,,,,,,,,,,
259.9,Miles Mikolas,SP,WSH,25,,,,,,,(/),(0.0/0.0),(/),145.9,6.6,11.3,11.3,0,0,88.4,5.16,1.33,5.5,2.6
257.7,Justin Verlander,SP,DET,22,,,,,,,(/),(0.0/0.0),(/),129.7,7.2,8.7,9.8,0,0,104.1,4.7,1.29,7.2,2.3
171.2,Bryan Abreu,RP,HOU,65,,,,,,,(/),(0.0/0.0),(/),67.5,3,1.9,0,9,31,86.8,3.65,1.2,11.6,3.1
141.4,Taylor Ward,OF,BAL,147,551.2,81,27.3,81.3,246.7,4.7,0.246(135.6/551.2),0.330(207.4/628.2),0.448(246.7/551.2),,,,,,,,,,,
259.9,Landen Roupp,SP,SF,27,,,,,,,(/),(0.0/0.0),(/),119.6,7,8.8,5,0,0,108.8,4.23,1.33,8.2,2.4
259.9,Steven Matz,RP,TB,33,,,,,,,(/),(0.0/0.0),(/),123.1,5.5,8.7,2.9,2,14,97.6,4.75,1.33,7.1,2.9
39.2,Mookie Betts,SS,LAD,142,545.2,83.4,20.2,77.2,240.4,8.4,0.267(145.4/545.2),0.344(212.8/618.6),0.441(240.4/545.2),,,,,,,,,,,
162.4,Kenley Jansen,RP,DET,54,,,,,,,(/),(0.0/0.0),(/),56.1,2.3,1.9,0,31,3,56.2,3.89,1.12,9,3.1
161.6,Teoscar Hernández,OF,LAD,132,507.4,77.5,26.6,80.5,241.9,6.2,0.264(133.7/507.4),0.316(174.1/551.7),0.477(241.9/507.4),,,,,,,,,,,
75.3,Jackson Merrill,OF,SD,142,554,77,22.5,78.9,255.5,9.2,0.272(150.6/554.0),0.321(192.7/601.3),0.461(255.5/554.0),,,,,,,,,,,
75.3,Roman Anthony,OF,BOS,140,529.1,80.1,19.3,73.1,233.6,9.8,0.265(140.4/529.1),0.354(214.9/607.1),0.441(233.6/529.1),,,,,,,,,,,
86.9,Will Smith,C,LAD,124,427.8,73.1,24.2,73.1,212.9,3,0.271(115.9/427.8),0.361(179.2/497.0),0.498(212.9/427.8),,,,,,,,,,,
157.2,Jeff Hoffman,RP,TOR,60,,,,,,,(/),(0.0/0.0),(/),62.1,2.8,1.8,0,25,0,72,4.08,1.18,10.4,3.3
259.9,Foster Griffin,SP,WSH,27,,,,,,,(/),(0.0/0.0),(/),118.3,5.3,8.7,4.2,0,0,111.7,4.29,1.3,8.5,2.7
259.9,Aaron Civale,SP,ATH,21,,,,,,,(/),(0.0/0.0),(/),120.5,6.6,8.4,8.9,0,0,102.3,4.85,1.32,7.6,2.6
110.5,Eugenio Suárez,3B,CIN,142,532.1,73.3,33.9,92.2,248.7,2.3,0.231(123.0/532.1),0.306(182.5/596.9),0.467(248.7/532.1),,,,,,,,,,,
126.3,Riley Greene,"OF,DH",DET,148,562,80,26.9,82.9,252.5,3.7,0.248(139.1/562.0),0.319(200.1/627.2),0.449(252.5/562.0),,,,,,,,,,,
249.7,Shane Bieber,SP,TOR,17,,,,,,,(/),(0.0/0.0),(/),101.6,6.6,5.7,7.8,0,0,95.3,4.08,1.2,8.4,3.6
240.4,Roki Sasaki,SP,LAD,32,,,,,,,(/),(0.0/0.0),(/),114,6.8,6.2,2.7,0,0,105.9,4.27,1.28,8.4,2.6
86.4,Shea Langeliers,C,ATH,128,478.1,71.1,28.5,76.6,236.2,6,0.256(122.2/478.1),0.313(164.2/524.1),0.494(236.2/478.1),,,,,,,,,,,
245.4,Robert Garcia,RP,TEX,62,,,,,,,(/),(0.0/0.0),(/),61.6,2.9,2,0,24,12,63,3.98,1.23,9.2,3.1
57.4,Pete Crow-Armstrong,OF,CHC,147,563.1,87.2,22.1,66.9,242.1,35.4,0.244(137.1/563.1),0.293(179.0/610.0),0.430(242.1/563.1),,,,,,,,,,,
238,Munetaka Murakami,3B,CHW,132,452.4,76.6,30.7,76.7,202.6,11.4,0.206(93.3/452.4),0.328(176.5/538.0),0.448(202.6/452.4),,,,,,,,,,,
245.8,Jeremiah Estrada,RP,SD,67,,,,,,,(/),(0.0/0.0),(/),68.7,3.1,2,0,2,28,91.3,3.55,1.15,12,3.4
60.6,Matt Olson,1B,ATL,153,573.7,81.1,26.7,86.7,243.9,1.1,0.238(136.3/573.7),0.331(218.8/661.2),0.425(243.9/573.7),,,,,,,,,,,
252.9,Heliot Ramos,OF,SF,145,553.8,78.5,24.6,78.1,246.2,6.4,0.257(142.4/553.8),0.320(195.4/611.0),0.444(246.2/553.8),,,,,,,,,,,
165.5,Jeremy Peña,SS,HOU,146,577,81.4,17.6,69.8,243.9,17.7,0.272(157.2/577.0),0.325(203.8/627.9),0.423(243.9/577.0),,,,,,,,,,,
157.6,Hunter Goodman,"C,DH",COL,138,512.9,69.7,28.1,87.5,247.3,2.4,0.255(131.0/512.9),0.306(170.4/556.9),0.482(247.3/512.9),,,,,,,,,,,
259.9,Andre Pallante,SP,STL,25,,,,,,,(/),(0.0/0.0),(/),135,8.1,10.6,8.8,0,0,88.3,4.45,1.38,5.9,1.8
35.7,William Contreras,"C,DH",MIL,144,526.5,71.8,21.1,80.8,229,5.4,0.263(138.5/526.5),0.346(207.1/599.2),0.435(229.0/526.5),,,,,,,,,,,
255.3,Edwin Uceta,RP,TB,62,,,,,,,(/),(0.0/0.0),(/),68.2,2.8,2,0,13,12,83.4,4.11,1.21,11,3.3
259.8,Michael Lorenzen,SP,COL,24,,,,,,,(/),(0.0/0.0),(/),142.6,6.5,10.7,11.7,0,0,105.4,5.73,1.51,6.7,1.8
,Patrick Corbin,SP,TEX,22,,,,,,,(/),(0.0/0.0),(/),116.1,7,10.1,8.3,0,0,95,5.29,1.44,7.4,2.4
258.2,José Berríos,SP,TOR,35,,,,,,,(/),(0.0/0.0),(/),119.2,5.2,7.1,1.1,0,0,99.6,4.54,1.26,7.5,2.8
108.1,Maikel Garcia,3B,KC,150,576.6,82,13,66,231.5,25,0.270(155.7/576.6),0.329(208.9/635.7),0.401(231.5/576.6),,,,,,,,,,,
103.6,Vinnie Pasquantino,"1B,DH",KC,147,564.7,73.3,23.7,86.8,250.4,0.9,0.257(145.1/564.7),0.319(199.7/626.1),0.444(250.4/564.7),,,,,,,,,,,
255.5,Alex Vesia,RP,LAD,61,,,,,,,(/),(0.0/0.0),(/),61.6,3.5,1.4,0,2,24,78,3.39,1.08,11.4,3.5
253.6,Brenton Doyle,OF,COL,137,515.5,75.3,19.9,67.5,226.9,21,0.259(133.4/515.5),0.309(172.8/559.2),0.440(226.9/515.5),,,,,,,,,,,
137,Tyler Soderstrom,"1B,OF",ATH,140,524,75,23.4,74.2,236.2,5.9,0.256(133.9/524.0),0.322(187.4/582.0),0.451(236.2/524.0),,,,,,,,,,,
125.9,Brandon Nimmo,OF,TEX,144,547.6,79.2,21.7,72.1,234.1,7.6,0.251(137.5/547.6),0.332(206.0/620.4),0.427(234.1/547.6),,,,,,,,,,,
221.6,Jo Adell,OF,LAA,139,514.1,72,30.4,79.8,238.9,10.1,0.237(121.8/514.1),0.298(167.9/563.8),0.465(238.9/514.1),,,,,,,,,,,
236,Ryan Walker,RP,SF,60,,,,,,,(/),(0.0/0.0),(/),62.1,2.6,2,0,21,7,61.8,4.03,1.27,9,3.1
35.6,Alex Bregman,3B,CHC,148,562.7,76.2,22.6,80.6,238.9,2.3,0.252(141.8/562.7),0.332(211.6/637.9),0.425(238.9/562.7),,,,,,,,,,,
169.8,Andy Pages,OF,LAD,141,529.9,76.6,22.4,76.4,236,9.4,0.256(135.8/529.9),0.309(178.7/577.7),0.445(236.0/529.9),,,,,,,,,,,
251,Willson Contreras,1B,BOS,133,485.5,71.7,22.6,74,215.8,5.1,0.253(123.0/485.5),0.341(189.9/556.4),0.444(215.8/485.5),,,,,,,,,,,
248.3,Garrett Whitlock,RP,BOS,57,,,,,,,(/),(0.0/0.0),(/),63.9,3,1.8,0,2,31,68.9,3.42,1.1,9.7,4.5
238.4,Dansby Swanson,SS,CHC,153,563.5,78.8,22.1,76.5,234.9,15.3,0.245(138.3/563.5),0.309(191.7/621.3),0.417(234.9/563.5),,,,,,,,,,,
153.6,Ian Happ,OF,CHC,145,543.9,79.9,21.3,74.3,226,8.3,0.239(130.0/543.9),0.335(210.8/628.5),0.416(226.0/543.9),,,,,,,,,,,
211.8,Michael Busch,1B,CHC,140,513.9,72.8,24.3,79.4,227.2,3.1,0.242(124.6/513.9),0.324(188.4/581.9),0.442(227.2/513.9),,,,,,,,,,,
259.3,Max Scherzer,SP,TOR,17,,,,,,,(/),(0.0/0.0),(/),89.2,6.1,7.3,5.9,0,0,85.4,4.52,1.21,8.6,3.2
117.7,Bo Bichette,SS,NYM,139,563.8,74.4,17.5,72.8,244.7,5.8,0.285(160.5/563.8),0.327(198.0/605.5),0.434(244.7/563.8),,,,,,,,,,,
259.9,Logan Allen,SP,CLE,24,,,,,,,(/),(0.0/0.0),(/),118.2,6.2,9.4,6.4,0,0,91.8,4.79,1.4,7,2
109.5,Christian Yelich,DH,MIL,135,504.3,72.5,17.8,68.6,210,16,0.255(128.7/504.3),0.337(192.2/570.6),0.416(210.0/504.3),,,,,,,,,,,
259.9,Chris Paddack,SP,MIA,27,,,,,,,(/),(0.0/0.0),(/),112.5,5.1,8.8,3.3,0,0,82.8,4.72,1.3,6.6,3
,Randy Vásquez,SP,SD,29,,,,,,,(/),(0.0/0.0),(/),127.1,7,9.8,5.6,0,0,79.8,4.97,1.39,5.7,1.9
225.3,Trevor Story,SS,BOS,135,521,74,21.2,69.8,223,21.8,0.249(129.8/521.0),0.301(170.3/565.6),0.428(223.0/521.0),,,,,,,,,,,
259.9,Anthony Kay,SP,CHW,22,,,,,,,(/),(0.0/0.0),(/),119.9,6.3,9.8,8.5,0,0,94.1,5.26,1.47,7.1,1.8
258.8,Ezequiel Tovar,SS,COL,147,583.1,74.5,20.6,79.3,254.2,9.8,0.264(153.7/583.1),0.302(187.9/622.5),0.436(254.2/583.1),,,,,,,,,,,
258.1,Justin Steele,SP,CHC,13,,,,,,,(/),(0.0/0.0),(/),72.2,5.6,4.3,4.7,0,0,67,3.43,1.13,8.4,3.8
259.8,Bryce Elder,SP,ATL,24,,,,,,,(/),(0.0/0.0),(/),108.5,5.7,7.1,4.2,0,0,86.5,4.71,1.35,7.2,2.5
256.2,Seranthony Domínguez,RP,CHW,61,,,,,,,(/),(0.0/0.0),(/),61.7,2.4,2.1,0,17,2,67.7,4.06,1.24,9.9,2.6
259.9,Chase Dollander,SP,COL,22,,,,,,,(/),(0.0/0.0),(/),118.9,5.5,9.7,8.7,0,0,98.4,5.66,1.52,7.5,1.9
259.7,Phil Maton,RP,CHC,63,,,,,,,(/),(0.0/0.0),(/),63.8,2.9,1.9,0,4,20,72.9,3.68,1.18,10.3,3.2
229.8,Spencer Torkelson,1B,DET,147,538.7,72.2,26.5,81.1,230.7,2.3,0.229(123.6/538.7),0.313(191.8/612.3),0.428(230.7/538.7),,,,,,,,,,,
258,Andrew Painter,SP,PHI,23,,,,,,,(/),(0.0/0.0),(/),93.5,5,6.4,2.4,0,0,84.6,4.34,1.25,8.1,3.2
230.3,Miguel Vargas,"3B,1B",CHW,137,513.4,70,22.5,71,223.7,7.4,0.244(125.5/513.4),0.321(185.7/578.5),0.436(223.7/513.4),,,,,,,,,,,
257.8,Jonathan Aranda,1B,TB,136,499.4,67,21.2,76.4,220.2,0.9,0.258(128.7/499.4),0.334(188.5/563.6),0.441(220.2/499.4),,,,,,,,,,,
246.6,Lawrence Butler,OF,ATH,136,506.6,74.1,22.4,66.9,217.7,15.6,0.241(122.0/506.6),0.307(172.2/560.4),0.430(217.7/506.6),,,,,,,,,,,
259.5,Kevin Ginkel,RP,ARI,56,,,,,,,(/),(0.0/0.0),(/),58.5,2,1.6,0,17,17,55.8,4.19,1.26,8.6,2.9
259.9,Yimi García,RP,TOR,54,,,,,,,(/),(0.0/0.0),(/),54.8,2.5,1.5,0,11,17,56.7,3.79,1.11,9.3,3.9
203.3,Mike Trout,"OF,DH",LAA,117,423.8,64.2,24.7,68.8,195.9,3.4,0.238(100.7/423.8),0.342(169.8/496.0),0.462(195.9/423.8),,,,,,,,,,,
85.5,Brice Turang,2B,MIL,148,566.1,77.3,11.9,58.5,213.3,31.1,0.255(144.3/566.1),0.322(202.0/628.0),0.377(213.3/566.1),,,,,,,,,,,
259.9,Michael Soroka,SP,ARI,39,,,,,,,(/),(0.0/0.0),(/),94.8,3.9,5.2,0.6,0,0,94.4,3.99,1.24,9,2.7
259.9,Mick Abel,SP,MIN,34,,,,,,,(/),(0.0/0.0),(/),102.3,4.5,7.2,1.1,0,0,99.1,4.61,1.37,8.7,2.2
255.6,Luke Weaver,RP,NYM,60,,,,,,,(/),(0.0/0.0),(/),67.6,3.1,2.1,0,6,18,71,4.15,1.2,9.5,3.5
,Kumar Rocker,SP,TEX,29,,,,,,,(/),(0.0/0.0),(/),95.9,5.1,6.7,2.3,0,0,82.2,4.29,1.24,7.7,2.8
256.7,Spencer Schwellenbach,SP,ATL,11,,,,,,,(/),(0.0/0.0),(/),68.7,5.2,3.8,5.1,0,0,67.2,3.63,1.11,8.8,4.9
207.9,Robert Suarez,RP,ATL,64,,,,,,,(/),(0.0/0.0),(/),66.5,2.5,1.7,0,6,31,66.1,4.21,1.23,8.9,3.4
258.6,Matt Brash,RP,SEA,59,,,,,,,(/),(0.0/0.0),(/),59.8,2.5,1.9,0,4,24,68.8,3.53,1.25,10.4,2.7
259.9,Jose A. Ferrer,RP,SEA,62,,,,,,,(/),(0.0/0.0),(/),65.2,2.7,1.9,0,2,16,57.5,3.15,1.12,7.9,3.7
140.6,Gleyber Torres,2B,DET,148,557.6,75.6,17.1,69.7,221.7,7.2,0.256(142.5/557.6),0.340(217.0/637.8),0.398(221.7/557.6),,,,,,,,,,,
259.9,Andrew Kittredge,RP,BAL,63,,,,,,,(/),(0.0/0.0),(/),65,3,1.9,0,6,22,62.8,4.02,1.17,8.7,4
252.9,Adrian Morejon,RP,SD,64,,,,,,,(/),(0.0/0.0),(/),66.3,2.9,2,0,2,22,63.2,3.54,1.15,8.6,3.6
259.9,Josiah Gray,SP,WSH,19,,,,,,,(/),(0.0/0.0),(/),108.4,5,8.3,8.3,0,0,88.2,5.01,1.36,7.3,2
99.7,Josh Naylor,"1B,DH",SEA,144,543,70.1,20,73.8,220.9,12.9,0.250(135.6/543.0),0.312(187.5/600.4),0.407(220.9/543.0),,,,,,,,,,,
196.8,Bryan Reynolds,"OF,DH",PIT,146,562.8,75.5,16.7,72.2,230.7,6.1,0.257(144.8/562.8),0.329(207.1/629.6),0.410(230.7/562.8),,,,,,,,,,,
254,Will Vest,RP,DET,60,,,,,,,(/),(0.0/0.0),(/),64,2.4,2,0,7,22,61.8,3.77,1.22,8.7,3.3
259.7,Johan Oviedo,SP,BOS,37,,,,,,,(/),(0.0/0.0),(/),102,4.9,6.7,0.9,0,0,93.4,4.48,1.34,8.2,2.1
259.9,Griffin Canning,SP,SD,25,,,,,,,(/),(0.0/0.0),(/),100.6,5.1,7.1,2.6,0,0,87.6,4.65,1.34,7.8,2.3
259.9,Dylan Lee,RP,ATL,62,,,,,,,(/),(0.0/0.0),(/),65.1,2.5,1.6,0,2,21,71,3.83,1.13,9.8,4.7
257.4,Matt Strahm,RP,KC,61,,,,,,,(/),(0.0/0.0),(/),64.2,2.7,1.9,0,2,20,70.3,3.76,1.12,9.9,3.9
257.9,Camilo Doval,RP,NYY,61,,,,,,,(/),(0.0/0.0),(/),63.1,3.3,1.7,0,5,18,65.8,3.61,1.25,9.4,2.5
228.3,Kyle Stowers,OF,MIA,138,511.1,67.4,24.1,78,221.6,3.9,0.236(120.8/511.1),0.312(179.1/573.3),0.434(221.6/511.1),,,,,,,,,,,
257.9,Tony Santillan,RP,CIN,66,,,,,,,(/),(0.0/0.0),(/),66.5,2.6,2.3,0,6,32,70.5,4.55,1.34,9.5,2.5
258.5,Iván Herrera,DH,STL,127,473.9,67.8,18,64,204,7.1,0.266(126.0/473.9),0.345(185.3/536.5),0.430(204.0/473.9),,,,,,,,,,,
49.7,Cody Bellinger,OF,NYY,138,534.1,71.7,20.8,68.2,226.2,11.4,0.247(132.1/534.1),0.309(182.8/591.2),0.423(226.2/534.1),,,,,,,,,,,
143.8,Jurickson Profar,OF,ATL,137,509.2,73.9,18.9,66.1,208.3,7.7,0.247(125.8/509.2),0.338(198.0/585.2),0.409(208.3/509.2),,,,,,,,,,,
259.9,Jared Jones,SP,PIT,14,,,,,,,(/),(0.0/0.0),(/),76.3,5.1,5.4,5.2,0,0,77.1,4.16,1.23,9.1,3.4
248.4,Dennis Santana,RP,PIT,64,,,,,,,(/),(0.0/0.0),(/),66.6,2.8,2,0,14,6,61.3,4.28,1.29,8.3,2.6
186.3,CJ Abrams,SS,WSH,139,551.2,73.8,16.1,62.9,217.3,29.9,0.245(134.8/551.2),0.303(182.6/603.2),0.394(217.3/551.2),,,,,,,,,,,
253.8,Trent Grisham,OF,NYY,126,446,69.1,25.1,65.6,196.2,5.5,0.223(99.5/446.0),0.331(173.3/522.9),0.440(196.2/446.0),,,,,,,,,,,
259.5,Fernando Cruz,RP,NYY,57,,,,,,,(/),(0.0/0.0),(/),59.3,3,1.8,0,2,21,78.7,4.26,1.27,11.9,3
198.6,Kazuma Okamoto,3B,TOR,126,459.9,65.7,25.3,73.5,207.6,1.3,0.236(108.6/459.9),0.317(164.6/519.4),0.451(207.6/459.9),,,,,,,,,,,
254.9,Xander Bogaerts,SS,SD,136,506.8,72.2,15,61.6,207.8,16.2,0.265(134.2/506.8),0.326(182.5/560.5),0.410(207.8/506.8),,,,,,,,,,,
178.7,Alec Burleson,"OF,1B,DH",STL,138,523.1,65.3,20.6,73.8,225.4,4.8,0.263(137.5/523.1),0.315(179.5/570.5),0.431(225.4/523.1),,,,,,,,,,,
252.1,Tyler Rogers,RP,TOR,68,,,,,,,(/),(0.0/0.0),(/),68.9,3.2,1.8,0,2,31,44,3.6,1.14,5.8,3.6
259.9,Garrett Cleavinger,RP,TB,64,,,,,,,(/),(0.0/0.0),(/),63.7,2.9,2,0,2,20,76.3,3.98,1.25,10.8,2.9
169.5,Michael Harris II,OF,ATL,138,529.3,72.5,18,66.9,223.8,18.8,0.261(138.3/529.3),0.299(168.7/563.4),0.423(223.8/529.3),,,,,,,,,,,
253.3,Hunter Gaddis,RP,CLE,62,,,,,,,(/),(0.0/0.0),(/),65.7,2.5,2.3,0,2,32,64.9,4.13,1.17,8.9,3.3
70.1,Geraldo Perdomo,SS,ARI,150,551.4,80.8,11.2,55.1,206.9,18.1,0.255(140.6/551.4),0.343(217.8/634.0),0.375(206.9/551.4),,,,,,,,,,,
259.8,Orion Kerkering,RP,PHI,62,,,,,,,(/),(0.0/0.0),(/),62.6,2.6,1.6,0,1,21,62.4,3.5,1.15,9,3.4
253.9,Wilyer Abreu,OF,BOS,125,447.6,62.7,22.2,69.8,200.6,8.5,0.240(107.3/447.6),0.314(157.4/501.6),0.448(200.6/447.6),,,,,,,,,,,
259.9,Alek Manoah,SP,LAA,18,,,,,,,(/),(0.0/0.0),(/),98.2,4.9,7.3,7.2,0,0,79.9,4.95,1.36,7.3,2.1
259.9,Tyler Holton,"RP,SP",DET,61,,,,,,,(/),(0.0/0.0),(/),67.9,2.6,2.1,0,2,19,53.7,3.56,1.1,7.1,3.5
185.1,Bryson Stott,2B,PHI,141,517.3,71.8,13.7,58.7,203.8,22.8,0.255(132.0/517.3),0.318(181.4/571.0),0.394(203.8/517.3),,,,,,,,,,,
259.7,Jared Koenig,RP,MIL,61,,,,,,,(/),(0.0/0.0),(/),64.4,3,1.9,0,2,24,62.1,3.81,1.21,8.7,3
258.4,Luis Gil,SP,NYY,36,,,,,,,(/),(0.0/0.0),(/),94.8,4.7,5.6,0.8,0,0,90,4.52,1.35,8.6,1.9
258.9,Andrew Vaughn,1B,MIL,128,485.1,58.5,21.5,78.6,214,0.6,0.256(124.4/485.1),0.313(166.3/532.0),0.441(214.0/485.1),,,,,,,,,,,
259.9,Keegan Akin,RP,BAL,61,,,,,,,(/),(0.0/0.0),(/),65,2.9,2,0,4,22,61.3,4.17,1.23,8.5,3.1
259.9,Hogan Harris,RP,ATH,53,,,,,,,(/),(0.0/0.0),(/),64.4,2.3,2,0,14,4,64.7,4.59,1.39,9,2.1
243.8,Jason Adam,RP,SD,48,,,,,,,(/),(0.0/0.0),(/),50.2,2.3,1.5,0,2,26,51.5,3.45,1.08,9.2,3.3
259.9,Germán Márquez,SP,SD,18,,,,,,,(/),(0.0/0.0),(/),97.3,5.9,8,6.8,0,0,69.6,5.29,1.4,6.4,2.2
259.9,Tyler Anderson,SP,LAA,18,,,,,,,(/),(0.0/0.0),(/),92.3,5.6,7.4,5.6,0,0,73.9,4.81,1.35,7.2,2
252.3,Kerry Carpenter,"OF,DH",DET,116,435,60.8,23.5,68.5,206,2.8,0.250(108.9/435.0),0.307(145.9/475.5),0.474(206.0/435.0),,,,,,,,,,,
259.9,Taylor Rogers,RP,MIN,57,,,,,,,(/),(0.0/0.0),(/),57.7,2.6,1.9,0,15,0,57.3,4.43,1.33,8.9,2.6
259.3,Bryan King,RP,HOU,63,,,,,,,(/),(0.0/0.0),(/),64.2,2.9,1.9,0,0,24,63.1,3.67,1.22,8.8,2.8
259.9,Caleb Thielbar,RP,CHC,63,,,,,,,(/),(0.0/0.0),(/),61,2.9,2,0,2,22,61,3.87,1.17,9,3.1
156.6,Luke Keaschall,2B,MIN,125,473,68,10.4,52.1,190.1,19.9,0.271(128.2/473.0),0.341(180.6/530.3),0.402(190.1/473.0),,,,,,,,,,,
,Drew Anderson,SP,DET,42,,,,,,,(/),(0.0/0.0),(/),64,1.9,2.3,0,0,0,86.3,3.71,1.24,12.1,2.7
259.9,Jordan Beck,OF,COL,127,477.1,66.7,16.3,61.6,201.2,15.2,0.254(121.0/477.1),0.313(163.7/523.4),0.422(201.2/477.1),,,,,,,,,,,
164.3,Marcus Semien,2B,NYM,137,515.5,70.3,19,66.1,214.2,8.4,0.245(126.3/515.5),0.312(178.7/573.3),0.415(214.2/515.5),,,,,,,,,,,
258.8,Kyle Manzardo,"1B,DH",CLE,134,485.6,62.4,24.9,76.4,212,1.4,0.233(112.9/485.6),0.308(168.3/546.3),0.437(212.0/485.6),,,,,,,,,,,
,Robert Gasser,SP,MIL,32,,,,,,,(/),(0.0/0.0),(/),76,3.6,4.3,0.5,0,0,73.3,3.88,1.19,8.7,3.2
233.1,Otto Lopez,"2B,SS",MIA,136,515.9,66.7,11.9,59.8,209.1,17,0.274(141.1/515.9),0.322(180.0/559.3),0.405(209.1/515.9),,,,,,,,,,,
,Bryan Baker,RP,TB,61,,,,,,,(/),(0.0/0.0),(/),63.5,2.8,2,0,0,20,70.7,4.1,1.22,10,3.2
260,Lance McCullers Jr.,SP,HOU,23,,,,,,,(/),(0.0/0.0),(/),87.9,4.7,6.6,2.4,0,0,82.5,4.58,1.4,8.5,2
245.3,Sal Stewart,"3B,1B",CIN,118,432.9,58.2,18,62.4,196.3,5.7,0.271(117.5/432.9),0.327(155.3/474.2),0.453(196.3/432.9),,,,,,,,,,,
238.7,Christian Walker,1B,HOU,134,505.6,67.3,26.9,76.4,218.1,3.7,0.229(115.9/505.6),0.299(168.3/562.6),0.431(218.1/505.6),,,,,,,,,,,
259.8,Mickey Moniak,OF,COL,117,443.1,61.6,20.1,67.1,204.8,9.5,0.254(112.6/443.1),0.301(143.4/476.8),0.462(204.8/443.1),,,,,,,,,,,
259.9,Jake Irvin,SP,WSH,23,,,,,,,(/),(0.0/0.0),(/),101.5,4.2,8,3.7,0,0,71.5,4.99,1.36,6.3,2.2
259.9,Jose Quintana,SP,COL,22,,,,,,,(/),(0.0/0.0),(/),127.6,5.6,9.8,10.6,0,0,78.7,6,1.62,5.6,1.5
235.9,Luis Robert Jr.,OF,NYM,127,472.9,71.4,19,55.3,192.5,29.4,0.234(110.6/472.9),0.294(152.1/517.9),0.407(192.5/472.9),,,,,,,,,,,
,Chris Martin,RP,TEX,49,,,,,,,(/),(0.0/0.0),(/),51,2.3,1.5,0,7,0,48.3,3.62,1.07,8.5,6.8
259.9,Steven Okert,RP,HOU,62,,,,,,,(/),(0.0/0.0),(/),62.8,2.9,2.1,0,0,12,72.1,4.09,1.18,10.3,3.1
,Robert Stephenson,RP,LAA,54,,,,,,,(/),(0.0/0.0),(/),55.5,2,1.9,0,7,12,61.3,4.52,1.19,9.9,3.6
259.3,Louie Varland,RP,TOR,58,,,,,,,(/),(0.0/0.0),(/),65.5,2.6,1.8,0,0,24,64.9,4.19,1.24,8.9,3.4
259.9,Aaron Ashby,RP,MIL,56,,,,,,,(/),(0.0/0.0),(/),67.5,2.7,1.8,0,0,8,70,3.51,1.3,9.3,2.3
259.9,A.J. Minter,RP,NYM,49,,,,,,,(/),(0.0/0.0),(/),51.4,2.7,1.5,0,0,8,57.5,3.38,1.09,10.1,3.7
259.7,Blake Treinen,RP,LAD,59,,,,,,,(/),(0.0/0.0),(/),59,3.2,1.4,0,2,14,61.5,3.91,1.2,9.4,3.3
54.6,Nico Hoerner,2B,CHC,146,558.4,73.6,5.6,54.7,204.3,25.6,0.276(154.3/558.4),0.327(198.4/607.2),0.366(204.3/558.4),,,,,,,,,,,
257.4,Tanner Scott,RP,LAD,62,,,,,,,(/),(0.0/0.0),(/),64.4,3.3,1.5,0,2,8,67.7,3.87,1.28,9.5,2.5
,Ryan Zeferjahn,RP,LAA,61,,,,,,,(/),(0.0/0.0),(/),63.9,2.3,2.1,0,2,18,73.6,4.48,1.34,10.4,2.4
259.8,Taijuan Walker,"RP,SP",PHI,36,,,,,,,(/),(0.0/0.0),(/),109.6,4.5,7,1.2,0,0,74.8,5.08,1.39,6.1,1.9
,Cole Sands,RP,MIN,61,,,,,,,(/),(0.0/0.0),(/),66.1,2.9,2,0,2,16,61.4,4.19,1.23,8.4,3.2
259.6,Josh Bell,"1B,DH",MIN,131,479.6,64,20.7,67.2,201.5,1.6,0.247(118.5/479.6),0.324(175.4/540.7),0.420(201.5/479.6),,,,,,,,,,,
259.9,Paul Sewald,RP,ARI,51,,,,,,,(/),(0.0/0.0),(/),52,1.8,1.6,0,11,8,52.5,4.51,1.21,9.1,3.4
259.3,Ramón Laureano,OF,SD,125,461.3,66.4,19.3,62.4,197,8.4,0.244(112.4/461.3),0.310(158.1/510.5),0.427(197.0/461.3),,,,,,,,,,,
259.8,Kirby Yates,RP,LAA,55,,,,,,,(/),(0.0/0.0),(/),56.5,2.1,2,0,7,11,64.8,4.64,1.32,10.3,2.4
202.3,Alejandro Kirk,C,TOR,122,429.3,59.3,18,62.4,189,0.3,0.268(115.3/429.3),0.339(163.1/481.7),0.440(189.0/429.3),,,,,,,,,,,
259.8,Shawn Armstrong,RP,CLE,64,,,,,,,(/),(0.0/0.0),(/),67.2,2.5,2.4,0,0,13,66.2,4.14,1.22,8.9,3.3
257.9,Kyle Finnegan,RP,DET,59,,,,,,,(/),(0.0/0.0),(/),61.1,2.3,2.1,0,4,18,55.5,4.13,1.24,8.2,3
218.2,Jakob Marsee,OF,MIA,132,498.6,70.3,12.9,51.6,184.8,26,0.233(116.0/498.6),0.320(181.4/567.7),0.371(184.8/498.6),,,,,,,,,,,
133.7,Adley Rutschman,C,BAL,137,489.4,66.2,17.4,64.2,201.8,1.1,0.251(122.7/489.4),0.333(185.4/557.2),0.412(201.8/489.4),,,,,,,,,,,
259.1,Jake Burger,1B,TEX,129,488.2,62.7,26.1,75.5,220.3,2,0.241(117.6/488.2),0.291(153.3/527.2),0.451(220.3/488.2),,,,,,,,,,,
,Caden Dana,SP,LAA,15,,,,,,,(/),(0.0/0.0),(/),82.1,4.4,6.9,5.8,0,0,70.1,5.24,1.37,7.7,2.3
254.1,Daulton Varsho,OF,TOR,133,490.3,69.4,26.2,71.5,212.6,9.8,0.221(108.4/490.3),0.287(155.6/541.1),0.434(212.6/490.3),,,,,,,,,,,
259.9,John Schreiber,RP,KC,63,,,,,,,(/),(0.0/0.0),(/),62.2,2.7,2,0,2,24,55,4.08,1.26,7.9,2.6
259.5,Colton Cowser,OF,BAL,128,459.1,66.4,21.1,62.6,192.5,11.2,0.229(105.1/459.1),0.307(158.2/515.5),0.419(192.5/459.1),,,,,,,,,,,
259.9,Jimmy Herget,RP,COL,63,,,,,,,(/),(0.0/0.0),(/),71.3,2.9,3.1,0,0,11,66.1,4.7,1.27,8.3,3.4
256.8,Matt McLain,2B,CIN,130,474.9,66,17.5,56.9,191.8,15.8,0.236(112.3/474.9),0.312(165.8/531.7),0.404(191.8/474.9),,,,,,,,,,,
259.9,Jordan Romano,RP,LAA,55,,,,,,,(/),(0.0/0.0),(/),54.8,2.1,1.9,0,7,10,56.1,4.38,1.22,9.2,3.2
259.9,Anthony Bender,RP,MIA,62,,,,,,,(/),(0.0/0.0),(/),62.7,2.5,2,0,2,23,56.4,4.18,1.27,8.1,2.7
258.7,Brad Keller,RP,PHI,57,,,,,,,(/),(0.0/0.0),(/),65,2.3,1.7,0,2,26,59.5,4.03,1.33,8.2,2.1
259.9,Ryan Feltner,SP,COL,24,,,,,,,(/),(0.0/0.0),(/),97.4,4.2,8.4,2.9,0,0,74,5.58,1.49,6.8,2
228.9,Max Muncy,3B,LAD,112,382.4,62.3,21.4,62.3,168.3,2.4,0.222(84.7/382.4),0.336(152.5/453.9),0.440(168.3/382.4),,,,,,,,,,,
260,Kyle Harrison,SP,MIL,24,,,,,,,(/),(0.0/0.0),(/),67.4,3.2,4.2,0.6,0,0,71,4.09,1.24,9.5,2.9
259.8,Lars Nootbaar,OF,STL,120,447.2,62.7,17.7,60.1,186,5.8,0.244(109.0/447.2),0.332(170.2/511.8),0.416(186.0/447.2),,,,,,,,,,,
177.8,Brandon Lowe,2B,PIT,125,477.8,62.4,20.7,69.8,202,4.2,0.238(113.7/477.8),0.308(163.7/531.8),0.423(202.0/477.8),,,,,,,,,,,
259.9,Ryan Thompson,RP,ARI,60,,,,,,,(/),(0.0/0.0),(/),62,2.1,1.8,0,4,21,49.5,4.2,1.27,7.2,3.1
259.9,Mark Leiter Jr.,RP,ATH,63,,,,,,,(/),(0.0/0.0),(/),64.2,2.7,2.4,0,0,17,67.8,4.88,1.33,9.5,3
251.9,Adolis García,OF,PHI,135,513.2,66.8,23.7,74.8,216,10.1,0.234(119.9/513.2),0.289(162.1/560.6),0.421(216.0/513.2),,,,,,,,,,,
258.7,Connelly Early,SP,BOS,23,,,,,,,(/),(0.0/0.0),(/),54.1,2.8,3,0.3,0,0,58,3.37,1.18,9.6,3
259.9,Janson Junk,SP,MIA,36,,,,,,,(/),(0.0/0.0),(/),85.1,3.2,5.1,0.6,0,0,62.2,4.51,1.28,6.6,3
237.7,Jorge Polanco,"2B,DH",NYM,123,452.2,60.5,19.8,63.1,192,5.6,0.242(109.4/452.2),0.313(157.6/504.3),0.425(192.0/452.2),,,,,,,,,,,
,José Urquidy,SP,PIT,24,,,,,,,(/),(0.0/0.0),(/),86.3,4,6.2,2.2,0,0,63.1,4.92,1.33,6.6,2.4
233.1,Alec Bohm,3B,PHI,134,521.1,62.9,14.1,67.9,212.2,2.6,0.272(141.6/521.1),0.319(180.8/566.0),0.407(212.2/521.1),,,,,,,,,,,
259.7,Lucas Erceg,RP,KC,59,,,,,,,(/),(0.0/0.0),(/),62,2.5,1.8,0,2,22,54.8,3.99,1.3,8,2.3
201.4,Brendan Donovan,2B,SEA,128,487.2,63.2,13.3,61.4,195.9,4.9,0.264(128.7/487.2),0.337(184.5/547.3),0.402(195.9/487.2),,,,,,,,,,,
101.6,Ozzie Albies,2B,ATL,141,537.8,68,17.8,69.2,216.1,9.2,0.245(131.8/537.8),0.302(177.9/589.9),0.402(216.1/537.8),,,,,,,,,,,
259.6,Brooks Raley,RP,NYM,58,,,,,,,(/),(0.0/0.0),(/),57.3,2.9,2.1,0,2,14,57.5,4.45,1.29,9,2.9
259.9,Colin Rea,SP,CHC,34,,,,,,,(/),(0.0/0.0),(/),82.5,3.4,4.4,0.6,0,0,65.3,4.65,1.28,7.1,2.7
259.9,Seth Halvorsen,RP,COL,57,,,,,,,(/),(0.0/0.0),(/),60.2,2.6,2.6,0,8,8,53.4,4.69,1.39,8,2.3
252.4,Marcell Ozuna,DH,PIT,123,449.9,59.9,19.4,66.6,186.4,0.3,0.239(107.7/449.9),0.330(170.4/516.5),0.414(186.4/449.9),,,,,,,,,,,
259.9,Matt Wallner,OF,MIN,117,417.6,60.8,22.2,62.9,179.8,4.2,0.219(91.5/417.6),0.313(150.2/479.2),0.431(179.8/417.6),,,,,,,,,,,
259.9,Tyler Kinley,RP,ATL,59,,,,,,,(/),(0.0/0.0),(/),60.2,2.4,1.6,0,0,15,62.1,4.22,1.23,9.3,2.8
259.9,Porter Hodge,RP,CHC,41,,,,,,,(/),(0.0/0.0),(/),44.2,1.9,1.2,0,2,14,50.3,3.48,1.22,10.2,2.5
259.9,Erick Fedde,"RP,SP",CHW,21,,,,,,,(/),(0.0/0.0),(/),95.6,4.4,7.8,4.3,0,0,64.2,5.34,1.41,6,1.8
259.8,Gregory Soto,RP,PIT,62,,,,,,,(/),(0.0/0.0),(/),60.4,2.7,1.9,0,0,18,60.1,3.99,1.33,9,2.4
186,Ceddanne Rafaela,"OF,2B",BOS,141,521,68.2,16.4,62,212.9,20.9,0.250(130.5/521.0),0.288(159.9/554.5),0.409(212.9/521.0),,,,,,,,,,,
259.9,Graham Ashcraft,RP,CIN,53,,,,,,,(/),(0.0/0.0),(/),61.6,2.1,1.9,0,2,24,49.8,4.12,1.3,7.3,2.6
,Cody Bradford,SP,TEX,25,,,,,,,(/),(0.0/0.0),(/),61.1,2.8,3.3,0.4,0,0,55,3.82,1.11,8.1,4.1
259.7,Cedric Mullins,OF,TB,111,398.9,59.5,17,50.4,165.4,20.6,0.231(92.0/398.9),0.306(136.6/446.5),0.415(165.4/398.9),,,,,,,,,,,
213.7,Luis García Jr.,2B,WSH,125,474.7,57.5,14.6,61.6,196.3,13.6,0.265(125.6/474.7),0.303(154.3/508.3),0.413(196.3/474.7),,,,,,,,,,,
259.8,Alexis Díaz,RP,TEX,56,,,,,,,(/),(0.0/0.0),(/),58.6,2.6,2,0,4,5,59.6,4.37,1.28,9.2,2.1
,Tyler Alexander,"RP,SP",TEX,49,,,,,,,(/),(0.0/0.0),(/),68.9,2.4,2.6,0,0,4,57.5,4.39,1.21,7.5,3.6
259.9,Yennier Cano,RP,BAL,57,,,,,,,(/),(0.0/0.0),(/),56.2,2.6,1.8,0,2,21,48.6,4.21,1.31,7.8,2.6
259.9,Ben Brown,"RP,SP",CHC,33,,,,,,,(/),(0.0/0.0),(/),52.9,1.7,1.8,0,0,0,58.7,3.6,1.15,10,3.5
259.8,Rhett Lowder,SP,CIN,26,,,,,,,(/),(0.0/0.0),(/),76,3.1,5.2,0.8,0,0,63.1,4.66,1.32,7.5,2.7
,Luis Medina,SP,ATH,34,,,,,,,(/),(0.0/0.0),(/),84.8,3.4,5.4,0.8,0,0,76.5,5.07,1.47,8.1,1.9
,Patrick Sandoval,SP,BOS,28,,,,,,,(/),(0.0/0.0),(/),70.3,3.5,4.2,0.5,0,0,64.1,3.94,1.34,8.2,2.2
246.7,J.T. Realmuto,C,PHI,120,425,58,14.8,58.1,180,8.5,0.258(109.8/425.0),0.316(147.2/465.9),0.424(180.0/425.0),,,,,,,,,,,
259.9,JP Sears,SP,SD,28,,,,,,,(/),(0.0/0.0),(/),69.3,3.1,4.2,0.6,0,0,59.6,4.49,1.22,7.7,3
256.6,Jake Cronenworth,2B,SD,142,501.2,67.1,15.8,60.5,193.9,4.8,0.237(119.0/501.2),0.328(188.2/574.6),0.387(193.9/501.2),,,,,,,,,,,
259.4,José Alvarado,RP,PHI,55,,,,,,,(/),(0.0/0.0),(/),56.5,2.2,1.5,0,0,6,58.7,3.78,1.26,9.3,2.7
259.9,Jorge Soler,"OF,DH",LAA,115,412.5,55.1,22.3,62.9,178.9,0.7,0.226(93.2/412.5),0.313(147.2/469.7),0.434(178.9/412.5),,,,,,,,,,,
158.6,Yainer Diaz,"C,DH",HOU,129,485.2,58.5,17.5,65.9,208.6,1.6,0.269(130.6/485.2),0.302(155.5/514.3),0.430(208.6/485.2),,,,,,,,,,,
237.9,Noelvi Marte,"OF,3B",CIN,122,471.3,61.5,17,59,195.1,14.3,0.249(117.4/471.3),0.298(151.3/508.3),0.414(195.1/471.3),,,,,,,,,,,
189.6,Jackson Holliday,2B,BAL,114,434.3,62,12.7,49.6,172.8,13.5,0.251(109.0/434.3),0.325(158.4/486.8),0.398(172.8/434.3),,,,,,,,,,,
,Matt Festa,RP,CLE,56,,,,,,,(/),(0.0/0.0),(/),57.8,2.2,2.1,0,0,14,58.6,4.43,1.27,9.1,2.7
259.9,Aaron Bummer,RP,ATL,56,,,,,,,(/),(0.0/0.0),(/),60,2.2,1.4,0,0,5,58.4,3.81,1.29,8.8,2.8
259.9,Jake Bird,RP,NYY,49,,,,,,,(/),(0.0/0.0),(/),53.3,2.6,1.5,0,0,12,53.7,3.91,1.25,9.1,2.8
259.9,Pierce Johnson,RP,CIN,57,,,,,,,(/),(0.0/0.0),(/),58,2.2,2,0,0,18,59.6,4.78,1.35,9.3,2.6
259.8,Anthony Banda,RP,MIN,55,,,,,,,(/),(0.0/0.0),(/),57.2,2.5,2,0,4,9,54.6,4.66,1.36,8.6,2.4
260,Jakob Junis,RP,TEX,54,,,,,,,(/),(0.0/0.0),(/),63.1,2.5,2,0,0,8,52.8,4.58,1.22,7.5,3.8
259.9,Drew Pomeranz,RP,LAA,55,,,,,,,(/),(0.0/0.0),(/),55.5,2.1,2.2,0,2,12,59.5,4.72,1.35,9.6,2.6
256.9,Dylan Crews,OF,WSH,137,515.6,66.6,16,59,198.5,22.6,0.236(121.7/515.6),0.294(165.9/563.4),0.385(198.5/515.6),,,,,,,,,,,
142.3,Agustin Ramirez,"C,DH",MIA,121,462.9,58.3,17.3,63.5,192.1,8.7,0.247(114.2/462.9),0.303(153.0/505.3),0.415(192.1/462.9),,,,,,,,,,,
197.8,Jordan Westburg,3B,BAL,96,373.3,53.9,16.3,51.1,170.3,5.2,0.260(97.0/373.3),0.316(128.7/407.4),0.456(170.3/373.3),,,,,,,,,,,
171.3,Jacob Wilson,SS,ATH,137,533.4,65.5,7,56.3,207.9,5.2,0.292(156.0/533.4),0.333(190.5/571.9),0.390(207.9/533.4),,,,,,,,,,,
259.9,Brock Burke,RP,CIN,60,,,,,,,(/),(0.0/0.0),(/),61.1,2.4,2.1,0,0,14,51.1,4.43,1.27,7.5,3.1
260,Tommy Kahnle,RP,DET,50,,,,,,,(/),(0.0/0.0),(/),50.8,2.8,3.2,0,6,15,43.2,4.5,1.38,7.7,1.9
,Mason Englert,RP,TB,54,,,,,,,(/),(0.0/0.0),(/),62.8,2.4,1.8,0,0,0,58.6,4.35,1.22,8.4,3.6
232.9,Ryan O'Hearn,"1B,OF,DH",PIT,125,453.3,59.1,12.9,57.8,184.2,3.9,0.262(118.8/453.3),0.333(168.8/507.6),0.406(184.2/453.3),,,,,,,,,,,
255.4,Daylen Lile,OF,WSH,131,497.1,60.7,8.3,54.4,195.8,14.5,0.266(132.1/497.1),0.316(170.3/539.7),0.394(195.8/497.1),,,,,,,,,,,
,Michael Kelly,RP,ATH,57,,,,,,,(/),(0.0/0.0),(/),60.5,2.3,2.4,0,9,11,49.7,5.76,1.49,7.4,1.9
249.8,Carlos Correa,"3B,SS",HOU,129,485.3,62,14.7,61,193.3,0.5,0.260(126.0/485.3),0.327(176.4/539.5),0.398(193.3/485.3),,,,,,,,,,,
260,Grant Anderson,RP,MIL,51,,,,,,,(/),(0.0/0.0),(/),55.4,2.5,1.7,0,0,8,54.6,4.18,1.23,8.9,3
237,Jung Hoo Lee,OF,SF,136,515.5,66.5,7.6,55.5,202.2,8.3,0.269(138.9/515.5),0.326(184.5/566.1),0.392(202.2/515.5),,,,,,,,,,,
259.9,Scott Barlow,RP,ATH,52,,,,,,,(/),(0.0/0.0),(/),54.5,2.3,1.9,0,0,14,57.5,4.39,1.32,9.5,2.3
,Ryne Stanek,RP,STL,59,,,,,,,(/),(0.0/0.0),(/),58.9,2.5,2.3,0,2,13,54.5,4.69,1.36,8.3,2.1
259.9,Eric Lauer,"RP,SP",TOR,37,,,,,,,(/),(0.0/0.0),(/),61,1.9,2.3,0,0,0,62.9,4.33,1.26,9.3,2.9
259.9,Hunter Harvey,RP,CHC,49,,,,,,,(/),(0.0/0.0),(/),51.9,2.2,1.5,0,0,3,52.4,3.94,1.17,9.1,3.9
,Luis García,RP,NYM,52,,,,,,,(/),(0.0/0.0),(/),54.3,2.6,1.8,0,2,12,45,4.28,1.3,7.5,2.7
260,Cole Winn,RP,TEX,55,,,,,,,(/),(0.0/0.0),(/),63.1,2.6,1.9,0,0,6,58.2,4.1,1.29,8.3,2
118.1,Drake Baldwin,C,ATL,131,466,58.9,15.5,62.3,188,0.5,0.255(118.7/466.0),0.320(165.5/516.9),0.404(188.0/466.0),,,,,,,,,,,
259.9,Andrew Benintendi,"OF,DH",CHW,119,442.7,55.3,17.5,58.6,184.5,3.2,0.247(109.2/442.7),0.311(152.5/491.1),0.417(184.5/442.7),,,,,,,,,,,
,Jovani Moran,"RP,SP",BOS,47,,,,,,,(/),(0.0/0.0),(/),50.7,2.5,1.6,0,0,0,55.6,3.73,1.29,9.9,2.3
259.9,Marcus Stroman,SP,NYY,14,,,,,,,(/),(0.0/0.0),(/),72.2,4.5,6,4.6,0,0,51.2,4.87,1.42,6.4,1.8
259.9,Ryan Yarbrough,"RP,SP",NYY,40,,,,,,,(/),(0.0/0.0),(/),61.9,2.3,2.1,0,0,0,51.4,4.09,1.19,7.5,2.9
259.9,Nick Mears,RP,KC,57,,,,,,,(/),(0.0/0.0),(/),58.6,2.4,2,0,0,14,54.4,4.64,1.34,8.4,2.3
259.9,Sean Newcomb,"RP,SP",CHW,49,,,,,,,(/),(0.0/0.0),(/),67.7,2,2.9,0,0,0,63.4,4.24,1.34,8.4,2.1
,Danny Coulombe,RP,TEX,44,,,,,,,(/),(0.0/0.0),(/),43.3,2.5,2.7,0,2,9,43.6,4.04,1.23,9.1,2.9
208.1,Xavier Edwards,"2B,SS",MIA,134,523.8,65.6,1.6,40.6,177.6,27.7,0.273(142.8/523.8),0.329(189.1/574.3),0.339(177.6/523.8),,,,,,,,,,,
,Luis Garcia,SP,HOU,38,,,,,,,(/),(0.0/0.0),(/),51.3,2.4,3.6,0,0,0,52.5,4.21,1.19,9.2,3.2
,Enyel De Los Santos,RP,HOU,57,,,,,,,(/),(0.0/0.0),(/),59.4,2.5,2,0,0,8,55,4.82,1.32,8.3,2.6
177.4,Isaac Paredes,3B,HOU,115,422,57.5,17.9,56.7,170.7,1,0.233(98.5/422.0),0.330(161.4/488.5),0.405(170.7/422.0),,,,,,,,,,,
259.7,Hurston Waldrep,SP,ATL,11,,,,,,,(/),(0.0/0.0),(/),62,4,4.3,4.4,0,0,52.5,4.78,1.4,7.6,2.2
,Caleb Ferguson,RP,CIN,55,,,,,,,(/),(0.0/0.0),(/),54.6,2.2,1.9,0,2,14,47.2,4.36,1.35,7.8,2.3
78.6,Steven Kwan,OF,CLE,147,575.6,70.3,4.3,50.6,196.2,16.6,0.264(152.1/575.6),0.331(212.5/641.3),0.341(196.2/575.6),,,,,,,,,,,
253.6,Colt Keith,"2B,3B,DH",DET,119,435.8,58.1,13.6,53.7,180.5,3.7,0.254(110.5/435.8),0.320(154.7/483.4),0.414(180.5/435.8),,,,,,,,,,,
,Justin Wilson,RP,BOS,43,,,,,,,(/),(0.0/0.0),(/),41.6,2.4,2.6,0,0,18,42.2,4.04,1.25,9.1,2.9
259.9,Huascar Brazobán,RP,NYM,46,,,,,,,(/),(0.0/0.0),(/),51,2.4,1.7,0,2,14,46.7,4.32,1.34,8.2,2.1
259.7,Tyler O'Neill,OF,BAL,88,319.7,48.4,18.8,50.2,146.8,3.8,0.235(75.1/319.7),0.318(115.3/362.4),0.459(146.8/319.7),,,,,,,,,,,
259.9,Gordon Graceffo,RP,STL,50,,,,,,,(/),(0.0/0.0),(/),61.1,2.2,1.8,0,0,0,51.6,4.1,1.25,7.6,2.9
259.9,Jesús Sánchez,OF,TOR,104,375.1,53.2,15.6,49.6,158.4,8.4,0.246(92.1/375.1),0.312(129.2/414.3),0.422(158.4/375.1),,,,,,,,,,,
245.7,Gabriel Moreno,C,ARI,112,393.4,53.2,10.5,52,163.4,4,0.275(108.3/393.4),0.340(148.9/437.7),0.415(163.4/393.4),,,,,,,,,,,
233.7,Chandler Simpson,OF,TB,110,420.7,57.5,0,29.8,143.7,37.3,0.286(120.1/420.7),0.322(143.9/447.4),0.342(143.7/420.7),,,,,,,,,,,
259.9,Tim Hill,RP,NYY,63,,,,,,,(/),(0.0/0.0),(/),64.7,3.3,1.9,0,0,12,33,3.98,1.29,4.6,1.9
259.9,Charlie Morton,SP,DET,10,,,,,,,(/),(0.0/0.0),(/),54.9,3.5,4.7,3.7,0,0,55,4.9,1.41,9,2.2
260,José Buttó,RP,SF,52,,,,,,,(/),(0.0/0.0),(/),61.2,2.2,2,0,0,8,56.5,4.65,1.39,8.3,2.1
259.9,Brusdar Graterol,RP,LAD,39,,,,,,,(/),(0.0/0.0),(/),40.2,2.2,0.9,0,0,0,28.6,3.26,1.14,6.4,3.4
259.9,Jon Gray,RP,TEX,10,,,,,,,(/),(0.0/0.0),(/),55.1,3.5,4.4,3.7,0,0,46.9,4.76,1.32,7.7,2.7
,Paul Blackburn,RP,NYY,46,,,,,,,(/),(0.0/0.0),(/),64.3,2.5,2.6,0,0,0,54,4.84,1.35,7.6,2.6
249.3,Nolan Arenado,3B,ARI,132,505.4,58.2,15.9,69,201,2.5,0.253(127.6/505.4),0.301(164.6/547.7),0.398(201.0/505.4),,,,,,,,,,,
259.9,Jacob Webb,RP,CHC,49,,,,,,,(/),(0.0/0.0),(/),52.2,2.2,1.7,0,0,10,47.7,4.35,1.26,8.2,2.5
,Ryan Fernandez,RP,STL,43,,,,,,,(/),(0.0/0.0),(/),46.2,1.9,1.5,0,0,8,46.3,3.99,1.23,9,3
259.7,Jordan Walker,OF,STL,127,463.5,58.9,17.8,60.9,189.3,8,0.237(109.9/463.5),0.296(150.0/506.4),0.408(189.3/463.5),,,,,,,,,,,
,Stephen Kolek,SP,KC,31,,,,,,,(/),(0.0/0.0),(/),69.9,2.8,4,0.5,0,0,50,4.54,1.37,6.4,2.2
207.2,Caleb Durbin,3B,BOS,134,481.2,61.4,8.7,48.1,173.5,18.9,0.250(120.2/481.2),0.312(165.2/530.3),0.361(173.5/481.2),,,,,,,,,,,
,Steven Wilson,RP,TB,50,,,,,,,(/),(0.0/0.0),(/),51.4,2.2,1.9,0,0,12,49.7,4.92,1.31,8.7,2.4
259.6,Nolan Schanuel,1B,LAA,140,515.1,64.9,8.4,50.6,183.2,5.9,0.254(130.7/515.1),0.342(202.7/591.9),0.356(183.2/515.1),,,,,,,,,,,
258.1,Jeff McNeil,"OF,2B",ATH,131,477.1,59.9,12.3,54.9,187,2.8,0.253(120.6/477.1),0.319(169.5/530.5),0.392(187.0/477.1),,,,,,,,,,,
260,Brent Suter,RP,LAA,55,,,,,,,(/),(0.0/0.0),(/),61.6,2.1,2,0,0,3,46.1,4.35,1.27,6.7,2.6
259.9,Tyler Freeman,"OF,DH",COL,85,308.4,46.9,6.4,34.9,129.5,14.5,0.289(89.1/308.4),0.357(123.3/345.3),0.420(129.5/308.4),,,,,,,,,,,
,Jordan Hicks,"RP,SP",CHW,49,,,,,,,(/),(0.0/0.0),(/),57,1.9,2.1,0,0,18,46.8,4.37,1.38,7.4,1.8
254.2,Colson Montgomery,SS,CHW,130,491.6,62,22.8,66.4,198.8,3.6,0.217(106.8/491.6),0.290(158.7/547.4),0.404(198.8/491.6),,,,,,,,,,,
260,Yohan Ramírez,RP,PIT,45,,,,,,,(/),(0.0/0.0),(/),50.5,2,1.4,0,0,2,51.4,4.14,1.3,9.2,2.5
259.9,Ian Hamilton,RP,ATL,45,,,,,,,(/),(0.0/0.0),(/),48.6,1.8,1.3,0,0,10,48.8,4.25,1.34,9,2.4
258.8,Harrison Bader,OF,SF,122,442.7,61.6,14.8,49.9,174.8,15.3,0.239(105.7/442.7),0.296(143.3/483.4),0.395(174.8/442.7),,,,,,,,,,,
259.9,Wandy Peralta,RP,SD,57,,,,,,,(/),(0.0/0.0),(/),57.8,2.6,1.9,0,0,5,43.3,3.93,1.31,6.7,2
,DL Hall,RP,MIL,43,,,,,,,(/),(0.0/0.0),(/),53.4,2.1,1.5,0,0,3,50.2,4.06,1.32,8.5,2.1
258.4,Ryan Jeffers,"C,DH",MIN,126,444.3,56.9,15.9,55.4,174.3,2.3,0.236(104.9/444.3),0.317(159.0/501.9),0.392(174.3/444.3),,,,,,,,,,,
259.4,Brandon Marsh,OF,PHI,120,416.5,56.4,11.1,47.1,161.4,10,0.247(102.8/416.5),0.322(150.1/466.6),0.387(161.4/416.5),,,,,,,,,,,
258.2,Masyn Winn,SS,STL,144,560.4,66.5,12.1,58.2,208.6,12.4,0.248(139.1/560.4),0.299(181.6/607.6),0.372(208.6/560.4),,,,,,,,,,,
259.9,Joc Pederson,DH,TEX,101,345.3,48.5,17.3,51,146.2,2.8,0.228(78.7/345.3),0.323(128.6/398.5),0.423(146.2/345.3),,,,,,,,,,,
247.5,Addison Barger,"OF,3B",TOR,115,431.4,56.6,17.4,58.2,180.2,4.4,0.237(102.4/431.4),0.297(140.6/472.6),0.418(180.2/431.4),,,,,,,,,,,
256.3,TJ Friedl,OF,CIN,133,498.1,64.4,12,48.8,174.8,11.4,0.231(115.3/498.1),0.322(183.9/570.8),0.351(174.8/498.1),,,,,,,,,,,
246.4,Giancarlo Stanton,"OF,DH",NYY,97,354.6,48.5,24.1,59.6,161.2,0,0.218(77.2/354.6),0.291(114.7/394.4),0.455(161.2/354.6),,,,,,,,,,,
260,Nate Pearson,RP,HOU,47,,,,,,,(/),(0.0/0.0),(/),51.2,2.1,1.6,0,0,0,50.1,4.55,1.29,8.8,2.4
259.8,Jalen Beeks,RP,ARI,41,,,,,,,(/),(0.0/0.0),(/),43,2.3,2.6,0,0,16,37.1,4.36,1.33,7.8,2.3
260,Javier Assad,SP,CHC,39,,,,,,,(/),(0.0/0.0),(/),58.7,1.9,2.3,0,0,0,48.7,4.34,1.31,7.5,2.2
259.1,Mike Yastrzemski,OF,ATL,109,383.2,52.3,15.7,52.3,155.9,4.1,0.228(87.5/383.2),0.314(137.0/435.7),0.407(155.9/383.2),,,,,,,,,,,
,Daniel Lynch IV,RP,KC,49,,,,,,,(/),(0.0/0.0),(/),57.1,2,1.9,0,0,8,42.9,4.62,1.35,6.8,2.2
204.7,Luis Arraez,"1B,DH",SF,138,558.4,64.8,0,52,197.1,8,0.295(164.9/558.4),0.333(199.0/597.8),0.353(197.1/558.4),,,,,,,,,,,
,Griff McGarry,SP,WSH,39,,,,,,,(/),(0.0/0.0),(/),45.9,1.4,1.3,0,0,0,54.8,4.07,1.39,10.7,1.9
259.9,Hayden Birdsong,"RP,SP",SF,20,,,,,,,(/),(0.0/0.0),(/),55,2.3,3.8,0.6,0,0,55.1,4.96,1.42,9,2
253.9,Kyle Teel,C,CHW,116,410.4,54.3,12.6,46.8,159.1,5.4,0.243(99.8/410.4),0.326(152.1/466.1),0.388(159.1/410.4),,,,,,,,,,,
,Drey Jameson,RP,ARI,53,,,,,,,(/),(0.0/0.0),(/),57.5,1.8,1.7,0,0,0,49.8,4.77,1.37,7.8,2.5
259.9,Lane Thomas,OF,KC,99,364.2,52.4,12.7,43.6,144.5,17.3,0.233(85.0/364.2),0.302(121.8/403.8),0.397(144.5/364.2),,,,,,,,,,,
,Taylor Clarke,RP,ARI,51,,,,,,,(/),(0.0/0.0),(/),54.8,1.8,1.7,0,0,0,44.6,4.79,1.29,7.3,3.1
259.9,Luke Jackson,RP,DET,39,,,,,,,(/),(0.0/0.0),(/),41.3,2.1,2.6,0,6,5,34.9,4.81,1.44,7.6,1.9
259.9,Trevor Larnach,"OF,DH",MIN,108,392.6,51.4,12.6,48.9,155.6,4,0.247(97.0/392.6),0.324(143.8/443.5),0.396(155.6/392.6),,,,,,,,,,,
259.8,Kevin Kelly,RP,TB,38,,,,,,,(/),(0.0/0.0),(/),39.3,1.7,1.2,0,0,8,33.1,3.94,1.19,7.6,3.9
,Sam Hentges,RP,SF,46,,,,,,,(/),(0.0/0.0),(/),46.2,2,1.5,0,0,0,44.7,4.18,1.33,8.7,2.8
260,Chad Green,RP,TOR,38,,,,,,,(/),(0.0/0.0),(/),40,2.2,2.5,0,0,10,33.9,4.57,1.22,7.6,3.1
259.8,A.J. Puk,RP,ARI,29,,,,,,,(/),(0.0/0.0),(/),31.4,1.1,0.8,0,2,3,35.1,3.85,1.18,10,3.8
259.9,Michael Kopech,RP,LAD,36,,,,,,,(/),(0.0/0.0),(/),39.1,2.1,2.5,0,0,14,42.1,4.6,1.4,9.7,1.9
258.6,J.P. Crawford,SS,SEA,144,518.1,63.4,10.2,54.5,180.8,4.4,0.240(124.5/518.1),0.329(194.5/591.5),0.349(180.8/518.1),,,,,,,,,,,
235.3,Konnor Griffin,SS,PIT,92,350.8,47.1,10.3,40.4,138.6,15.4,0.256(90.0/350.8),0.309(117.8/380.6),0.395(138.6/350.8),,,,,,,,,,,
,Connor Brogdon,RP,CLE,44,,,,,,,(/),(0.0/0.0),(/),46.7,1.7,1.7,0,0,0,45.8,4.61,1.27,8.8,2.9
259.9,Jake Meyers,OF,HOU,117,415.7,54.2,10.1,44.5,157.7,10.8,0.250(103.9/415.7),0.315(144.6/459.2),0.379(157.7/415.7),,,,,,,,,,,
,Cole Sulser,RP,TB,45,,,,,,,(/),(0.0/0.0),(/),49.7,2,1.6,0,0,0,46.8,4.65,1.33,8.5,2.5
,Andrew Chafin,RP,MIN,44,,,,,,,(/),(0.0/0.0),(/),43.7,2.1,1.4,0,0,0,45.2,4.13,1.34,9.3,2.3
,Chase Silseth,RP,LAA,39,,,,,,,(/),(0.0/0.0),(/),45,1.5,1.3,0,0,0,45.8,4.13,1.27,9.2,2.5
259.2,Andrés Giménez,2B,TOR,138,506.8,65,8.4,46.6,176,22.3,0.244(123.6/506.8),0.300(165.9/553.3),0.347(176.0/506.8),,,,,,,,,,,
,Jordan Montgomery,SP,TEX,15,,,,,,,(/),(0.0/0.0),(/),52.8,2.5,3.5,1.2,0,0,40.1,4.6,1.31,6.8,2.5
259.6,Bryce Eldridge,DH,SF,101,364.4,47.4,17.2,54.2,157.7,2,0.240(87.3/364.4),0.300(120.3/400.6),0.433(157.7/364.4),,,,,,,,,,,
240.8,Sal Frelick,OF,MIL,131,494.1,60,6.1,46.7,172.1,16.6,0.250(123.7/494.1),0.314(171.0/544.8),0.348(172.1/494.1),,,,,,,,,,,
,Bryan Hudson,RP,NYM,30,,,,,,,(/),(0.0/0.0),(/),33.5,1.6,0.9,0,0,0,32.6,3.6,1.21,8.8,2.7
259.9,José Leclerc,RP,ATH,33,,,,,,,(/),(0.0/0.0),(/),35.5,1.9,2.1,0,0,5,37.8,4.07,1.25,9.6,2.4
259,Corbin Burnes,SP,ARI,6,,,,,,,(/),(0.0/0.0),(/),37.2,2.6,2.3,2.8,0,0,34.1,4,1.22,8.3,3
259.4,Evan Carter,OF,TEX,107,376.6,53,10.1,38.9,142.8,15.8,0.235(88.4/376.6),0.311(131.5/422.8),0.379(142.8/376.6),,,,,,,,,,,
260,Adbert Alzolay,RP,NYM,38,,,,,,,(/),(0.0/0.0),(/),38.7,2,1.4,0,0,7,34.4,4.5,1.22,8,3.4
259.5,Josh Jung,3B,TEX,128,483.3,56.3,16.3,61.3,192.2,3.8,0.245(118.3/483.3),0.292(152.1/520.5),0.398(192.2/483.3),,,,,,,,,,,
235.8,Royce Lewis,3B,MIN,120,445.3,55.7,16.5,56.1,177.8,9.5,0.235(104.8/445.3),0.290(140.6/484.7),0.399(177.8/445.3),,,,,,,,,,,
259.9,Justin Martinez,RP,ARI,22,,,,,,,(/),(0.0/0.0),(/),23.8,0.8,0.6,0,2,2,26.7,3.39,1.28,10.1,2.4
259.9,Beau Brieske,RP,DET,41,,,,,,,(/),(0.0/0.0),(/),44.4,1.7,1.7,0,0,7,36.7,4.39,1.27,7.4,2.3
259.8,Spencer Horwitz,1B,PIT,116,425.5,52.4,10.3,51.2,160.9,1.8,0.249(106.0/425.5),0.329(158.1/481.2),0.378(160.9/425.5),,,,,,,,,,,
258.8,Spencer Steer,1B,CIN,104,379.1,49.6,13.1,45.9,148.3,7.8,0.232(87.9/379.1),0.311(133.0/427.3),0.391(148.3/379.1),,,,,,,,,,,
259.4,Tyler Stephenson,C,CIN,108,376.8,47.3,14.8,51,151.6,1,0.237(89.3/376.8),0.315(133.3/423.7),0.402(151.6/376.8),,,,,,,,,,,
259.9,Tyler Ferguson,RP,ATH,41,,,,,,,(/),(0.0/0.0),(/),43.4,1.7,1.6,0,0,12,43.5,5,1.45,9,1.9
259.9,Josh Sborz,RP,TEX,37,,,,,,,(/),(0.0/0.0),(/),38.3,1.7,1.3,0,0,0,40.9,4.4,1.29,9.6,2.6
,Dauri Moreta,RP,PIT,27,,,,,,,(/),(0.0/0.0),(/),27.8,1.5,1.6,0,0,4,32.4,3.92,1.17,10.5,3.2
260,Isaac Collins,OF,KC,109,361.4,51.5,8,38.2,135,13,0.241(87.1/361.4),0.327(134.7/411.9),0.373(135.0/361.4),,,,,,,,,,,
254.4,Jac Caglianone,OF,KC,121,446.3,55.2,16.4,59.9,177,3.3,0.232(103.5/446.3),0.295(144.9/490.3),0.397(177.0/446.3),,,,,,,,,,,
,Alex Lange,RP,KC,45,,,,,,,(/),(0.0/0.0),(/),45,1.8,1.5,0,0,0,46.2,4.5,1.43,9.2,1.9
259.9,Josh Lowe,OF,LAA,114,427.1,56.5,12.2,43.7,160.8,21,0.230(98.0/427.1),0.290(136.1/468.6),0.376(160.8/427.1),,,,,,,,,,,
258.9,Logan O'Hoppe,C,LAA,116,410.8,49.7,19.1,56.8,171.3,2.8,0.230(94.6/410.8),0.291(130.6/449.6),0.417(171.3/410.8),,,,,,,,,,,
,Ryan Brasier,RP,TEX,36,,,,,,,(/),(0.0/0.0),(/),38.5,1.7,1.3,0,0,0,32.2,4.2,1.2,7.5,3.2
260,Richard Lovelady,RP,WSH,37,,,,,,,(/),(0.0/0.0),(/),39.2,1.3,1.1,0,0,0,33.4,3.81,1.25,7.7,2.6
,Dylan Dodd,RP,ATL,36,,,,,,,(/),(0.0/0.0),(/),41.2,1.4,1,0,0,0,36.6,4.5,1.29,8,3.5
,Martín Pérez,SP,ATL,9,,,,,,,(/),(0.0/0.0),(/),47.7,2.9,3.5,3.3,0,0,35.9,5.05,1.44,6.8,2.1
,Brock Stewart,RP,LAD,32,,,,,,,(/),(0.0/0.0),(/),32.1,1.6,0.9,0,0,12,35.9,5.02,1.36,10.1,2.7
,Alex Cobb,SP,DET,8,,,,,,,(/),(0.0/0.0),(/),40.2,2.5,3.1,2.3,0,0,31.3,4.52,1.35,7,2.5
259.8,Gavin Sheets,"OF,DH",SD,116,422.6,51,14.1,53.3,165.7,2,0.238(100.7/422.6),0.303(141.2/466.3),0.392(165.7/422.6),,,,,,,,,,,
,Ron Marinaccio,RP,SD,34,,,,,,,(/),(0.0/0.0),(/),38.2,1.5,1.2,0,0,0,39,4.36,1.32,9.2,2.1
258.8,Ryan McMahon,3B,NYY,117,414.7,53.5,16.6,52.1,156.3,3.5,0.213(88.3/414.7),0.303(143.3/472.7),0.377(156.3/414.7),,,,,,,,,,,
,JT Brubaker,RP,SF,40,,,,,,,(/),(0.0/0.0),(/),48.2,1.6,1.7,0,0,0,41.1,5.27,1.44,7.7,2.5
256.1,Tommy Edman,"OF,2B",LAD,109,402.9,54.9,10.9,46.1,154.9,9.8,0.245(98.6/402.9),0.298(130.6/438.3),0.385(154.9/402.9),,,,,,,,,,,
257.8,Kevin McGonigle,SS,DET,82,299.3,41,9.7,37.4,125.6,7.2,0.254(76.1/299.3),0.319(105.6/331.4),0.420(125.6/299.3),,,,,,,,,,,
,Gus Varland,RP,WSH,41,,,,,,,(/),(0.0/0.0),(/),42.6,1.4,1.4,0,0,0,40,4.76,1.37,8.5,2.3
,Yerry De Los Santos,RP,NYY,29,,,,,,,(/),(0.0/0.0),(/),32.3,1.5,0.9,0,0,6,25.4,3.97,1.27,7.1,2.3
257.1,Carter Jensen,"C,DH",KC,104,349.1,46.4,11.3,44.8,140.2,4.8,0.238(82.9/349.1),0.310(120.5/389.3),0.402(140.2/349.1),,,,,,,,,,,
,Evan Phillips,RP,LAD,18,,,,,,,(/),(0.0/0.0),(/),18.6,1,0.4,0,0,8,18.9,3.83,1.16,9.1,3.7
260,Connor Norby,3B,MIA,112,400.5,48.3,11.4,48.5,157.7,7.9,0.244(97.5/400.5),0.299(130.5/436.7),0.394(157.7/400.5),,,,,,,,,,,
259.9,Jake McCarthy,OF,COL,92,323.6,45.4,4.8,30.1,122.4,16.8,0.264(85.6/323.6),0.320(113.2/353.3),0.378(122.4/323.6),,,,,,,,,,,
259.6,Ha-Seong Kim,SS,ATL,89,316.7,46.2,8.8,33.2,120.8,13,0.243(76.8/316.7),0.318(112.9/355.5),0.382(120.8/316.7),,,,,,,,,,,
,Joey Lucchesi,RP,SF,34,,,,,,,(/),(0.0/0.0),(/),38.5,1.9,2.2,0,0,0,32.8,4.4,1.34,7.7,2.1
259.9,Walker Buehler,SP,BOS,18,,,,,,,(/),(0.0/0.0),(/),45.9,2,2.9,0.4,0,0,35.3,4.76,1.35,6.9,2.1
259.9,Félix Bautista,RP,BAL,11,,,,,,,(/),(0.0/0.0),(/),11.6,0.6,0.3,0,0,0,15.3,3.39,1.16,11.9,2.8
259.7,Romy Gonzalez,"1B,2B",BOS,75,267.1,37,9.5,35.2,115.1,8.8,0.266(71.0/267.1),0.313(90.2/288.4),0.431(115.1/267.1),,,,,,,,,,,
259.2,Mark Vientos,"3B,DH",NYM,109,411.4,49.5,17.8,57.1,168.1,0.7,0.233(95.8/411.4),0.289(129.8/449.1),0.409(168.1/411.4),,,,,,,,,,,
259.8,Lourdes Gurriel Jr.,OF,ARI,78,304.4,39,9.8,41.7,128,4.4,0.266(81.0/304.4),0.313(103.1/329.6),0.421(128.0/304.4),,,,,,,,,,,
259,Brett Baty,"3B,2B",NYM,113,405.1,49.8,14.9,50.9,157.8,3.8,0.235(95.2/405.1),0.298(132.7/445.0),0.390(157.8/405.1),,,,,,,,,,,
259.9,Wenceel Pérez,OF,DET,110,406.1,53.5,11.7,44,155.7,11.5,0.232(94.4/406.1),0.296(132.6/447.8),0.384(155.7/406.1),,,,,,,,,,,
238.2,José Caballero,"2B,3B,SS,OF",NYY,93,311.3,48.2,7.8,24.2,105.1,32.5,0.216(67.1/311.3),0.296(103.5/349.8),0.338(105.1/311.3),,,,,,,,,,,
259.9,Liam Hendriks,RP,MIN,18,,,,,,,(/),(0.0/0.0),(/),19.4,0.9,0.6,0,2,0,21.1,4.11,1.16,9.8,4.5
258.9,Anthony Volpe,SS,NYY,110,411.2,54.1,12.7,44.4,155.5,15.8,0.229(94.4/411.2),0.288(129.6/449.9),0.378(155.5/411.2),,,,,,,,,,,
248.8,Samuel Basallo,C,BAL,109,386.3,47.5,15.5,51.1,156.7,3,0.236(91.3/386.3),0.292(122.9/420.9),0.406(156.7/386.3),,,,,,,,,,,
,Gavin Lux,"OF,DH",TB,110,397.6,48.9,6.8,43,146.7,4,0.253(100.5/397.6),0.327(145.7/446.0),0.369(146.7/397.6),,,,,,,,,,,
259.9,Cam Smith,OF,HOU,107,382.1,48.7,9.5,41.5,142.3,6.2,0.242(92.4/382.1),0.312(132.7/424.7),0.372(142.3/382.1),,,,,,,,,,,
,Reiver Sanmartin,RP,SF,33,,,,,,,(/),(0.0/0.0),(/),36.6,1.4,1.1,0,0,0,28.5,4.21,1.36,7,2.4
194.5,Ernie Clement,"3B,2B,SS",TOR,140,514.5,59.6,10.3,53.6,191.8,10.5,0.254(130.7/514.5),0.287(156.5/545.0),0.373(191.8/514.5),,,,,,,,,,,
259.9,Pavin Smith,"1B,DH",ARI,100,349,45.2,11.4,46,134.2,2.1,0.233(81.2/349.0),0.318(125.9/396.4),0.385(134.2/349.0),,,,,,,,,,,
,Clarke Schmidt,SP,NYY,12,,,,,,,(/),(0.0/0.0),(/),28.1,1.4,1.5,0.2,0,0,27.2,4.04,1.22,8.7,2.9
260,Jonathan Loáisiga,RP,ARI,33,,,,,,,(/),(0.0/0.0),(/),35.3,1.2,1,0,0,0,25.8,4.38,1.3,6.6,2.9
251.7,Austin Wells,C,NYY,118,399.6,50.1,17.8,52.7,159.8,3.4,0.217(86.6/399.6),0.288(128.3/444.8),0.400(159.8/399.6),,,,,,,,,,,
,Scott Alexander,RP,COL,26,,,,,,,(/),(0.0/0.0),(/),26.8,1.5,1.6,0,0,3,17.1,4.01,1.27,5.7,2.3
259.9,Austin Hays,"OF,DH",CHW,112,413.4,48.3,13.5,50,162.8,3.5,0.241(99.5/413.4),0.295(132.9/450.0),0.394(162.8/413.4),,,,,,,,,,,
259.8,Joey Ortiz,SS,MIL,130,464.5,54.4,10.3,49.1,167.8,12.9,0.241(111.8/464.5),0.293(147.6/503.5),0.361(167.8/464.5),,,,,,,,,,,
259.7,Chase Meidroth,"2B,SS",CHW,124,470.2,56.2,4.6,39.2,153.3,10.4,0.250(117.4/470.2),0.328(173.5/529.3),0.326(153.3/470.2),,,,,,,,,,,
256.4,Francisco Alvarez,C,NYM,114,390.9,48,16.6,52.7,152.7,0.9,0.222(87.0/390.9),0.297(129.4/436.1),0.391(152.7/390.9),,,,,,,,,,,
260,Tyler Gilbert,"RP,SP",CHW,29,,,,,,,(/),(0.0/0.0),(/),31.3,1.1,1.2,0,0,5,28.5,4.77,1.33,8.2,2.6
259.1,Bo Naylor,C,CLE,121,396.2,49.9,16,50.7,152.6,5.2,0.212(84.2/396.2),0.293(130.5/446.0),0.385(152.6/396.2),,,,,,,,,,,
258.2,Carson Kelly,C,CHC,96,325.1,40.9,12.7,44.6,128.3,1.2,0.235(76.3/325.1),0.312(114.1/366.0),0.395(128.3/325.1),,,,,,,,,,,
259.8,Gavin Stone,SP,LAD,13,,,,,,,(/),(0.0/0.0),(/),31,1.5,1.4,0.2,0,0,26.6,4.41,1.29,7.7,2.8
259.9,Craig Kimbrel,RP,NYM,21,,,,,,,(/),(0.0/0.0),(/),22.2,1.1,0.8,0,0,2,26.3,4.36,1.27,10.6,2.6
,Nick Sandlin,RP,LAA,27,,,,,,,(/),(0.0/0.0),(/),27.6,1.1,1,0,0,3,27,4.47,1.29,8.8,2.2
259.7,Nick Gonzales,2B,PIT,96,367,43.4,7.3,42.4,143,3.3,0.262(96.0/367.0),0.311(123.8/398.2),0.390(143.0/367.0),,,,,,,,,,,
,Colin Poche,RP,WSH,25,,,,,,,(/),(0.0/0.0),(/),25.1,1.4,1.6,0,0,0,24.4,4.36,1.27,8.7,2.3
,Easton McGee,RP,MIL,19,,,,,,,(/),(0.0/0.0),(/),22.7,0.9,0.6,0,0,0,20.4,4.19,1.2,8.1,3.7
,Prelander Berroa,RP,CHW,25,,,,,,,(/),(0.0/0.0),(/),26.3,1,0.9,0,0,0,28.3,4.04,1.32,9.7,2
259.9,JJ Bleday,OF,CIN,82,285.7,37.2,13.3,41.1,120.6,2.1,0.227(64.9/285.7),0.307(98.5/321.5),0.422(120.6/285.7),,,,,,,,,,,
259.8,Edouard Julien,"1B,2B",COL,93,313.6,42.2,8.1,36.9,118.5,4,0.244(76.5/313.6),0.334(120.1/359.2),0.378(118.5/313.6),,,,,,,,,,,
258.7,Paul Goldschmidt,1B,NYY,89,330.9,40.8,12.5,42,134.2,4,0.243(80.4/330.9),0.299(107.7/360.6),0.405(134.2/330.9),,,,,,,,,,,
,Kyle Wright,SP,CHC,21,,,,,,,(/),(0.0/0.0),(/),28.1,1,1.1,0,0,0,25,4.26,1.31,8,2.4
,Konnor Pilkington,RP,DET,26,,,,,,,(/),(0.0/0.0),(/),27.3,1.1,1,0,0,0,28.3,4.17,1.35,9.4,2
259.8,Davis Schneider,"2B,OF",TOR,88,288.9,40.5,13.6,40.8,116.3,3.5,0.212(61.3/288.9),0.308(102.2/332.3),0.402(116.3/288.9),,,,,,,,,,,
,Jorge López,RP,WSH,26,,,,,,,(/),(0.0/0.0),(/),27,1.4,1.8,0,0,7,21.9,4.93,1.39,7.3,2.3
259.6,Victor Scott II,OF,STL,131,454.3,60.2,7.6,32.8,147,31.5,0.221(100.4/454.3),0.286(143.6/501.1),0.323(147.0/454.3),,,,,,,,,,,
,Trent Thornton,RP,CHC,25,,,,,,,(/),(0.0/0.0),(/),27.7,1.1,0.9,0,0,0,23.3,4.52,1.29,7.6,2.6
259.3,Nolan Gorman,"2B,3B,DH",STL,122,440.3,51.6,18.8,60.4,166,3.8,0.205(90.4/440.3),0.282(139.1/492.3),0.377(166.0/440.3),,,,,,,,,,,
259.9,Victor Caratini,"C,DH",MIN,96,325.1,39.3,10.6,41.4,126.3,0.8,0.248(80.6/325.1),0.315(114.1/361.8),0.389(126.3/325.1),,,,,,,,,,,
,Kyle Hart,"RP,SP",SD,20,,,,,,,(/),(0.0/0.0),(/),28.6,0.9,1.1,0,0,0,27.4,4.59,1.34,8.6,2.4
259.9,Yoán Moncada,3B,LAA,91,324,39.3,11.7,41.2,128,0.9,0.234(75.7/324.0),0.311(113.5/364.3),0.395(128.0/324.0),,,,,,,,,,,
259.4,Chase DeLauter,OF,CLE,106,420.7,47.5,11.6,49.8,158.5,4.1,0.239(100.6/420.7),0.297(136.4/459.6),0.377(158.5/420.7),,,,,,,,,,,
259.8,Rhys Hoskins,1B,MIL,86,303.3,38.8,13.4,42.7,118.9,2.1,0.216(65.5/303.3),0.310(108.1/348.6),0.392(118.9/303.3),,,,,,,,,,,
,Rafael Montero,RP,NYY,28,,,,,,,(/),(0.0/0.0),(/),28.4,1.4,0.9,0,0,0,25,4.64,1.37,7.9,2
259.9,Edgar Quero,"C,DH",CHW,110,384.6,44,8.4,42.5,141.1,0.8,0.253(97.2/384.6),0.320(137.1/428.5),0.367(141.1/384.6),,,,,,,,,,,
259.9,Parker Meadows,OF,DET,118,419.4,56.1,11.2,40.8,152.9,13.3,0.220(92.1/419.4),0.291(135.4/465.8),0.364(152.9/419.4),,,,,,,,,,,
,Gregory Santos,RP,SF,26,,,,,,,(/),(0.0/0.0),(/),28.3,1.1,0.9,0,0,0,21.3,4.28,1.37,6.8,2.1
259.9,Dominic Canzone,OF,SEA,104,374.1,43.5,14.2,51.1,148.1,3.4,0.234(87.4/374.1),0.289(117.9/407.3),0.396(148.1/374.1),,,,,,,,,,,
